1;BKNR;06:26:28;TEATR;0
2;BKNR;06:32:40;TEATR;0
3;BKNR;06:38:52;TEATR;0
4;BKNR;06:45:04;TEATR;0
5;BKNR;06:51:16;TEATR;0
6;BKNR;06:57:28;TEATR;0
7;BKNR;07:03:40;TEATR;0
8;BKNR;07:09:52;TEATR;0
9;BKNR;07:16:04;TEATR;0
10;BKNR;07:22:16;TEATR;0
11;BKNR;07:28:28;TEATR;0
12;BKNR;07:34:40;TEATR;0
13;BKNR;07:40:52;TEATR;0
14;BKNR;07:47:04;TEATR;0
15;BKNR;07:53:16;TEATR;0
16;BKNR;07:59:28;TEATR;0
17;BKNR;08:05:40;TEATR;0
18;BKNR;08:11:52;TEATR;0
19;BKNR;08:18:04;TEATR;0
20;BKNR;08:24:16;TEATR;0
21;BKNR;08:30:28;TEATR;0
22;BKNR;08:36:40;TEATR;0
23;BKNR;08:42:52;TEATR;0
24;BKNR;08:49:04;TEATR;0
25;BKNR;08:55:16;TEATR;0
26;BKNR;09:01:28;TEATR;0
27;BKNR;09:07:40;TEATR;0
28;BKNR;09:18:00;TEATR;0
29;BKNR;09:28:20;TEATR;0
30;BKNR;09:38:40;TEATR;0
31;BKNR;09:49:00;TEATR;0
32;BKNR;09:59:20;TEATR;0
33;BKNR;10:09:40;TEATR;0
34;BKNR;10:20:00;TEATR;0
35;BKNR;10:30:20;TEATR;0
36;BKNR;10:40:40;TEATR;0
37;BKNR;10:51:00;TEATR;0
38;BKNR;11:01:20;TEATR;0
39;BKNR;11:11:40;TEATR;0
40;BKNR;11:22:00;TEATR;0
41;BKNR;11:32:20;TEATR;0
42;BKNR;11:42:40;TEATR;0
43;BKNR;11:53:00;TEATR;0
44;BKNR;12:03:20;TEATR;0
45;BKNR;12:13:40;TEATR;0
46;BKNR;12:24:00;TEATR;0
47;BKNR;12:34:20;TEATR;0
48;BKNR;12:44:40;TEATR;0
49;BKNR;12:55:00;TEATR;0
50;BKNR;13:05:20;TEATR;0
51;BKNR;13:15:40;TEATR;0
52;BKNR;13:26:00;TEATR;0
53;BKNR;13:36:20;TEATR;0
54;BKNR;13:46:40;TEATR;0
55;BKNR;13:57:00;TEATR;0
56;BKNR;14:07:20;TEATR;0
57;BKNR;14:17:40;TEATR;0
58;BKNR;14:28:00;TEATR;0
59;BKNR;14:38:20;TEATR;0
60;BKNR;14:48:40;TEATR;0
61;BKNR;14:59:00;TEATR;0
62;BKNR;15:09:20;TEATR;0
63;BKNR;15:19:40;TEATR;0
64;BKNR;15:30:00;TEATR;0
65;BKNR;15:40:20;TEATR;0
66;BKNR;15:50:40;TEATR;0
67;BKNR;16:01:00;TEATR;0
68;BKNR;16:11:20;TEATR;0
69;BKNR;16:21:40;TEATR;0
70;BKNR;16:32:00;TEATR;0
71;BKNR;16:42:20;TEATR;0
72;BKNR;16:52:40;TEATR;0
73;BKNR;17:03:00;TEATR;0
74;BKNR;17:13:20;TEATR;0
75;BKNR;17:19:32;TEATR;0
76;BKNR;17:25:44;TEATR;0
77;BKNR;17:31:56;TEATR;0
78;BKNR;17:38:08;TEATR;0
79;BKNR;17:44:20;TEATR;0
80;BKNR;17:50:32;TEATR;0
81;BKNR;17:56:44;TEATR;0
82;BKNR;18:02:56;TEATR;0
83;BKNR;18:09:08;TEATR;0
84;BKNR;18:15:20;TEATR;0
85;BKNR;18:21:32;TEATR;0
86;BKNR;18:27:44;TEATR;0
87;BKNR;18:33:56;TEATR;0
88;BKNR;18:40:08;TEATR;0
89;BKNR;18:46:20;TEATR;0
90;BKNR;18:52:32;TEATR;0
91;BKNR;18:58:44;TEATR;0
92;BKNR;19:04:56;TEATR;0
93;BKNR;19:11:08;TEATR;0
94;BKNR;19:17:20;TEATR;0
95;BKNR;19:23:32;TEATR;0
96;BKNR;19:29:44;TEATR;0
97;BKNR;19:35:56;TEATR;0
98;BKNR;19:42:08;TEATR;0
99;BKNR;19:48:20;TEATR;0
100;BKNR;19:54:32;TEATR;0
101;BKNR;20:00:44;TEATR;0
102;BKNR;20:06:56;TEATR;0
103;BKNR;20:17:16;TEATR;0
104;BKNR;20:27:36;TEATR;0
105;BKNR;20:37:56;TEATR;0
106;BKNR;20:48:16;TEATR;0
107;BKNR;20:58:36;TEATR;0
108;BKNR;21:08:56;TEATR;0
109;BKNR;21:19:16;TEATR;0
110;BKNR;21:29:36;TEATR;0
111;BKNR;21:39:56;TEATR;0
112;BKNR;21:50:16;TEATR;0
113;BKNR;22:00:36;TEATR;0
114;BKNR;22:10:56;TEATR;0
115;BKNR;22:21:16;TEATR;0
116;BKNR;22:31:36;TEATR;0
117;BKNR;22:41:56;TEATR;0
118;BKNR;22:52:16;TEATR;0
119;BKNR;23:02:36;TEATR;0
120;BKNR;23:12:56;TEATR;0
121;BKNR;23:23:16;TEATR;0
122;BKNR;23:33:36;TEATR;0
123;BKNR;23:43:56;TEATR;0
124;BKNR;23:54:16;TEATR;0
125;BKNR;24:04:36;TEATR;0
126;BKNR;24:14:56;TEATR;0
127;BKNR;06:26:26;ABA;0
128;BKNR;06:32:38;ABA;0
129;BKNR;06:38:50;ABA;0
130;BKNR;06:45:02;ABA;0
131;BKNR;06:51:14;ABA;0
132;BKNR;06:57:26;ABA;0
133;BKNR;07:03:38;ABA;0
134;BKNR;07:09:50;ABA;0
135;BKNR;07:16:02;ABA;0
136;BKNR;07:22:14;ABA;0
137;BKNR;07:28:26;ABA;0
138;BKNR;07:34:38;ABA;0
139;BKNR;07:40:50;ABA;0
140;BKNR;07:47:02;ABA;0
141;BKNR;07:53:14;ABA;0
142;BKNR;07:59:26;ABA;0
143;BKNR;08:05:38;ABA;0
144;BKNR;08:11:50;ABA;0
145;BKNR;08:18:02;ABA;0
146;BKNR;08:24:14;ABA;0
147;BKNR;08:30:26;ABA;0
148;BKNR;08:36:38;ABA;0
149;BKNR;08:42:50;ABA;0
150;BKNR;08:49:02;ABA;0
151;BKNR;08:55:14;ABA;0
152;BKNR;09:01:26;ABA;0
153;BKNR;09:07:38;ABA;0
154;BKNR;09:13:50;ABA;0
155;BKNR;09:20:02;ABA;0
156;BKNR;09:26:14;ABA;0
157;BKNR;09:32:26;ABA;0
158;BKNR;09:38:38;ABA;0
159;BKNR;09:44:50;ABA;0
160;BKNR;09:55:10;ABA;0
161;BKNR;10:05:30;ABA;0
162;BKNR;10:15:50;ABA;0
163;BKNR;10:26:10;ABA;0
164;BKNR;10:36:30;ABA;0
165;BKNR;10:46:50;ABA;0
166;BKNR;10:57:10;ABA;0
167;BKNR;11:07:30;ABA;0
168;BKNR;11:17:50;ABA;0
169;BKNR;11:28:10;ABA;0
170;BKNR;11:38:30;ABA;0
171;BKNR;11:48:50;ABA;0
172;BKNR;11:59:10;ABA;0
173;BKNR;12:09:30;ABA;0
174;BKNR;12:19:50;ABA;0
175;BKNR;12:30:10;ABA;0
176;BKNR;12:40:30;ABA;0
177;BKNR;12:50:50;ABA;0
178;BKNR;13:01:10;ABA;0
179;BKNR;13:11:30;ABA;0
180;BKNR;13:21:50;ABA;0
181;BKNR;13:32:10;ABA;0
182;BKNR;13:42:30;ABA;0
183;BKNR;13:52:50;ABA;0
184;BKNR;14:03:10;ABA;0
185;BKNR;14:13:30;ABA;0
186;BKNR;14:23:50;ABA;0
187;BKNR;14:34:10;ABA;0
188;BKNR;14:44:30;ABA;0
189;BKNR;14:54:50;ABA;0
190;BKNR;15:05:10;ABA;0
191;BKNR;15:15:30;ABA;0
192;BKNR;15:25:50;ABA;0
193;BKNR;15:36:10;ABA;0
194;BKNR;15:46:30;ABA;0
195;BKNR;15:56:50;ABA;0
196;BKNR;16:07:10;ABA;0
197;BKNR;16:17:30;ABA;0
198;BKNR;16:27:50;ABA;0
199;BKNR;16:38:10;ABA;0
200;BKNR;16:48:30;ABA;0
201;BKNR;16:58:50;ABA;0
202;BKNR;17:09:10;ABA;0
203;BKNR;17:19:30;ABA;0
204;BKNR;17:29:50;ABA;0
205;BKNR;17:40:10;ABA;0
206;BKNR;17:50:30;ABA;0
207;BKNR;17:56:42;ABA;0
208;BKNR;18:02:54;ABA;0
209;BKNR;18:09:06;ABA;0
210;BKNR;18:15:18;ABA;0
211;BKNR;18:21:30;ABA;0
212;BKNR;18:27:42;ABA;0
213;BKNR;18:33:54;ABA;0
214;BKNR;18:40:06;ABA;0
215;BKNR;18:46:18;ABA;0
216;BKNR;18:52:30;ABA;0
217;BKNR;18:58:42;ABA;0
218;BKNR;19:04:54;ABA;0
219;BKNR;19:11:06;ABA;0
220;BKNR;19:17:18;ABA;0
221;BKNR;19:23:30;ABA;0
222;BKNR;19:29:42;ABA;0
223;BKNR;19:35:54;ABA;0
224;BKNR;19:42:06;ABA;0
225;BKNR;19:48:18;ABA;0
226;BKNR;19:54:30;ABA;0
227;BKNR;20:00:42;ABA;0
228;BKNR;20:06:54;ABA;0
229;BKNR;20:13:06;ABA;0
230;BKNR;20:19:18;ABA;0
231;BKNR;20:25:30;ABA;0
232;BKNR;20:31:42;ABA;0
233;BKNR;20:37:54;ABA;0
234;BKNR;20:44:06;ABA;0
235;BKNR;20:54:26;ABA;0
236;BKNR;21:04:46;ABA;0
237;BKNR;21:15:06;ABA;0
238;BKNR;21:25:26;ABA;0
239;BKNR;21:35:46;ABA;0
240;BKNR;21:46:06;ABA;0
241;BKNR;21:56:26;ABA;0
242;BKNR;22:06:46;ABA;0
243;BKNR;22:17:06;ABA;0
244;BKNR;22:27:26;ABA;0
245;BKNR;22:37:46;ABA;0
246;BKNR;22:48:06;ABA;0
247;BKNR;22:58:26;ABA;0
248;BKNR;23:08:46;ABA;0
249;BKNR;23:19:06;ABA;0
250;BKNR;23:29:26;ABA;0
251;BKNR;23:39:46;ABA;0
252;BKNR;23:50:06;ABA;0
253;BKNR;24:00:26;ABA;0
254;BKNR;24:10:46;ABA;0
255;BKNR;24:21:06;ABA;0
256;BKNR;06:31:25;TEATR;1
257;BKNR;06:46:25;TEATR;1
258;BKNR;07:02:25;TEATR;1
259;BKNR;07:18:25;TEATR;1
260;BKNR;07:33:25;TEATR;1
261;BKNR;07:48:25;TEATR;1
262;BKNR;08:04:25;TEATR;1
263;BKNR;08:20:25;TEATR;1
264;BKNR;08:35:25;TEATR;1
265;BKNR;08:50:25;TEATR;1
266;BKNR;09:06:25;TEATR;1
267;BKNR;09:22:25;TEATR;1
268;BKNR;09:37:25;TEATR;1
269;BKNR;09:49:50;TEATR;1
270;BKNR;10:02:15;TEATR;1
271;BKNR;10:14:40;TEATR;1
272;BKNR;10:27:05;TEATR;1
273;BKNR;10:39:30;TEATR;1
274;BKNR;10:51:55;TEATR;1
275;BKNR;11:04:20;TEATR;1
276;BKNR;11:16:40;TEATR;1
277;BKNR;11:29:05;TEATR;1
278;BKNR;11:41:30;TEATR;1
279;BKNR;11:53:55;TEATR;1
280;BKNR;12:06:20;TEATR;1
281;BKNR;12:18:40;TEATR;1
282;BKNR;12:31:05;TEATR;1
283;BKNR;12:43:30;TEATR;1
284;BKNR;12:55:55;TEATR;1
285;BKNR;13:08:20;TEATR;1
286;BKNR;13:20:40;TEATR;1
287;BKNR;13:33:05;TEATR;1
288;BKNR;13:45:30;TEATR;1
289;BKNR;13:57:55;TEATR;1
290;BKNR;14:10:20;TEATR;1
291;BKNR;14:22:40;TEATR;1
292;BKNR;14:35:05;TEATR;1
293;BKNR;14:47:30;TEATR;1
294;BKNR;14:59:55;TEATR;1
295;BKNR;15:12:20;TEATR;1
296;BKNR;15:24:40;TEATR;1
297;BKNR;15:37:05;TEATR;1
298;BKNR;15:49:30;TEATR;1
299;BKNR;16:01:55;TEATR;1
300;BKNR;16:14:20;TEATR;1
301;BKNR;16:26:40;TEATR;1
302;BKNR;16:39:05;TEATR;1
303;BKNR;16:51:30;TEATR;1
304;BKNR;17:03:55;TEATR;1
305;BKNR;17:16:20;TEATR;1
306;BKNR;17:28:40;TEATR;1
307;BKNR;17:41:05;TEATR;1
308;BKNR;17:53:30;TEATR;1
309;BKNR;18:05:55;TEATR;1
310;BKNR;18:18:20;TEATR;1
311;BKNR;18:30:40;TEATR;1
312;BKNR;18:43:05;TEATR;1
313;BKNR;18:55:30;TEATR;1
314;BKNR;19:07:55;TEATR;1
315;BKNR;19:20:20;TEATR;1
316;BKNR;19:32:40;TEATR;1
317;BKNR;19:45:05;TEATR;1
318;BKNR;19:57:30;TEATR;1
319;BKNR;20:13:00;TEATR;1
320;BKNR;20:28:30;TEATR;1
321;BKNR;20:44:00;TEATR;1
322;BKNR;20:59:30;TEATR;1
323;BKNR;21:15:00;TEATR;1
324;BKNR;21:30:30;TEATR;1
325;BKNR;21:46:00;TEATR;1
326;BKNR;22:01:30;TEATR;1
327;BKNR;22:17:00;TEATR;1
328;BKNR;22:32:30;TEATR;1
329;BKNR;22:48:00;TEATR;1
330;BKNR;23:03:30;TEATR;1
331;BKNR;23:19:00;TEATR;1
332;BKNR;23:34:30;TEATR;1
333;BKNR;23:50:00;TEATR;1
334;BKNR;24:12:10;TEATR;1
335;BKNR;06:22:35;ABA;1
336;BKNR;06:37:35;ABA;1
337;BKNR;06:53:35;ABA;1
338;BKNR;07:08:35;ABA;1
339;BKNR;07:23:35;ABA;1
340;BKNR;07:39:35;ABA;1
341;BKNR;07:55:35;ABA;1
342;BKNR;08:10:35;ABA;1
343;BKNR;08:25:35;ABA;1
344;BKNR;08:41:35;ABA;1
345;BKNR;08:57:35;ABA;1
346;BKNR;09:12:35;ABA;1
347;BKNR;09:27:35;ABA;1
348;BKNR;09:43:35;ABA;1
349;BKNR;09:59:35;ABA;1
350;BKNR;10:14:35;ABA;1
351;BKNR;10:27:00;ABA;1
352;BKNR;10:39:25;ABA;1
353;BKNR;10:51:50;ABA;1
354;BKNR;11:04:15;ABA;1
355;BKNR;11:16:40;ABA;1
356;BKNR;11:29:05;ABA;1
357;BKNR;11:41:30;ABA;1
358;BKNR;11:53:50;ABA;1
359;BKNR;12:06:15;ABA;1
360;BKNR;12:18:40;ABA;1
361;BKNR;12:31:05;ABA;1
362;BKNR;12:43:30;ABA;1
363;BKNR;12:55:50;ABA;1
364;BKNR;13:08:15;ABA;1
365;BKNR;13:20:40;ABA;1
366;BKNR;13:33:05;ABA;1
367;BKNR;13:45:30;ABA;1
368;BKNR;13:57:50;ABA;1
369;BKNR;14:10:15;ABA;1
370;BKNR;14:22:40;ABA;1
371;BKNR;14:35:05;ABA;1
372;BKNR;14:47:30;ABA;1
373;BKNR;14:59:50;ABA;1
374;BKNR;15:12:15;ABA;1
375;BKNR;15:24:40;ABA;1
376;BKNR;15:37:05;ABA;1
377;BKNR;15:49:30;ABA;1
378;BKNR;16:01:50;ABA;1
379;BKNR;16:14:15;ABA;1
380;BKNR;16:26:40;ABA;1
381;BKNR;16:39:05;ABA;1
382;BKNR;16:51:30;ABA;1
383;BKNR;17:03:50;ABA;1
384;BKNR;17:16:15;ABA;1
385;BKNR;17:28:40;ABA;1
386;BKNR;17:41:05;ABA;1
387;BKNR;17:53:30;ABA;1
388;BKNR;18:05:50;ABA;1
389;BKNR;18:18:15;ABA;1
390;BKNR;18:30:40;ABA;1
391;BKNR;18:43:05;ABA;1
392;BKNR;18:55:30;ABA;1
393;BKNR;19:07:50;ABA;1
394;BKNR;19:20:15;ABA;1
395;BKNR;19:32:40;ABA;1
396;BKNR;19:45:05;ABA;1
397;BKNR;19:57:30;ABA;1
398;BKNR;20:09:50;ABA;1
399;BKNR;20:22:15;ABA;1
400;BKNR;20:34:40;ABA;1
401;BKNR;20:50:10;ABA;1
402;BKNR;21:05:40;ABA;1
403;BKNR;21:21:10;ABA;1
404;BKNR;21:36:40;ABA;1
405;BKNR;21:52:10;ABA;1
406;BKNR;22:07:40;ABA;1
407;BKNR;22:23:10;ABA;1
408;BKNR;22:38:40;ABA;1
409;BKNR;22:54:10;ABA;1
410;BKNR;23:09:40;ABA;1
411;BKNR;23:25:10;ABA;1
412;BKNR;23:40:40;ABA;1
413;BKNR;23:56:10;ABA;1
414;BKNR;24:18:20;ABA;1
415;ZZ;06:24:50;ALM;0
416;ZZ;06:31:02;ALM;0
417;ZZ;06:37:14;ALM;0
418;ZZ;06:43:26;ALM;0
419;ZZ;06:49:38;ALM;0
420;ZZ;06:55:50;ALM;0
421;ZZ;07:02:02;ALM;0
422;ZZ;07:08:14;ALM;0
423;ZZ;07:14:26;ALM;0
424;ZZ;07:20:38;ALM;0
425;ZZ;07:26:50;ALM;0
426;ZZ;07:33:02;ALM;0
427;ZZ;07:39:14;ALM;0
428;ZZ;07:45:26;ALM;0
429;ZZ;07:51:38;ALM;0
430;ZZ;07:57:50;ALM;0
431;ZZ;08:04:02;ALM;0
432;ZZ;08:10:14;ALM;0
433;ZZ;08:16:26;ALM;0
434;ZZ;08:22:38;ALM;0
435;ZZ;08:28:50;ALM;0
436;ZZ;08:35:02;ALM;0
437;ZZ;08:41:14;ALM;0
438;ZZ;08:47:26;ALM;0
439;ZZ;08:53:38;ALM;0
440;ZZ;08:59:50;ALM;0
441;ZZ;09:10:10;ALM;0
442;ZZ;09:20:30;ALM;0
443;ZZ;09:30:50;ALM;0
444;ZZ;09:41:10;ALM;0
445;ZZ;09:51:30;ALM;0
446;ZZ;10:01:50;ALM;0
447;ZZ;10:12:10;ALM;0
448;ZZ;10:22:30;ALM;0
449;ZZ;10:32:50;ALM;0
450;ZZ;10:43:10;ALM;0
451;ZZ;10:53:30;ALM;0
452;ZZ;11:03:50;ALM;0
453;ZZ;11:14:10;ALM;0
454;ZZ;11:24:30;ALM;0
455;ZZ;11:34:50;ALM;0
456;ZZ;11:45:10;ALM;0
457;ZZ;11:55:30;ALM;0
458;ZZ;12:05:50;ALM;0
459;ZZ;12:16:10;ALM;0
460;ZZ;12:26:30;ALM;0
461;ZZ;12:36:50;ALM;0
462;ZZ;12:47:10;ALM;0
463;ZZ;12:57:30;ALM;0
464;ZZ;13:07:50;ALM;0
465;ZZ;13:18:10;ALM;0
466;ZZ;13:28:30;ALM;0
467;ZZ;13:38:50;ALM;0
468;ZZ;13:49:10;ALM;0
469;ZZ;13:59:30;ALM;0
470;ZZ;14:09:50;ALM;0
471;ZZ;14:20:10;ALM;0
472;ZZ;14:30:30;ALM;0
473;ZZ;14:40:50;ALM;0
474;ZZ;14:51:10;ALM;0
475;ZZ;15:01:30;ALM;0
476;ZZ;15:11:50;ALM;0
477;ZZ;15:22:10;ALM;0
478;ZZ;15:32:30;ALM;0
479;ZZ;15:42:50;ALM;0
480;ZZ;15:53:10;ALM;0
481;ZZ;16:03:30;ALM;0
482;ZZ;16:13:50;ALM;0
483;ZZ;16:24:10;ALM;0
484;ZZ;16:34:30;ALM;0
485;ZZ;16:44:50;ALM;0
486;ZZ;16:55:10;ALM;0
487;ZZ;17:05:30;ALM;0
488;ZZ;17:11:42;ALM;0
489;ZZ;17:17:54;ALM;0
490;ZZ;17:24:06;ALM;0
491;ZZ;17:30:18;ALM;0
492;ZZ;17:36:30;ALM;0
493;ZZ;17:42:42;ALM;0
494;ZZ;17:48:54;ALM;0
495;ZZ;17:55:06;ALM;0
496;ZZ;18:01:18;ALM;0
497;ZZ;18:07:30;ALM;0
498;ZZ;18:13:42;ALM;0
499;ZZ;18:19:54;ALM;0
500;ZZ;18:26:06;ALM;0
501;ZZ;18:32:18;ALM;0
502;ZZ;18:38:30;ALM;0
503;ZZ;18:44:42;ALM;0
504;ZZ;18:50:54;ALM;0
505;ZZ;18:57:06;ALM;0
506;ZZ;19:03:18;ALM;0
507;ZZ;19:09:30;ALM;0
508;ZZ;19:15:42;ALM;0
509;ZZ;19:21:54;ALM;0
510;ZZ;19:28:06;ALM;0
511;ZZ;19:34:18;ALM;0
512;ZZ;19:40:30;ALM;0
513;ZZ;19:46:42;ALM;0
514;ZZ;19:52:54;ALM;0
515;ZZ;19:59:06;ALM;0
516;ZZ;20:09:26;ALM;0
517;ZZ;20:19:46;ALM;0
518;ZZ;20:30:06;ALM;0
519;ZZ;20:40:26;ALM;0
520;ZZ;20:50:46;ALM;0
521;ZZ;21:01:06;ALM;0
522;ZZ;21:11:26;ALM;0
523;ZZ;21:21:46;ALM;0
524;ZZ;21:32:06;ALM;0
525;ZZ;21:42:26;ALM;0
526;ZZ;21:52:46;ALM;0
527;ZZ;22:03:06;ALM;0
528;ZZ;22:13:26;ALM;0
529;ZZ;22:23:46;ALM;0
530;ZZ;22:34:06;ALM;0
531;ZZ;22:44:26;ALM;0
532;ZZ;22:54:46;ALM;0
533;ZZ;23:05:06;ALM;0
534;ZZ;23:15:26;ALM;0
535;ZZ;23:25:46;ALM;0
536;ZZ;23:36:06;ALM;0
537;ZZ;23:46:26;ALM;0
538;ZZ;23:56:46;ALM;0
539;ZZ;24:07:06;ALM;0
540;ZZ;06:28:04;RMBK;0
541;ZZ;06:34:16;RMBK;0
542;ZZ;06:40:28;RMBK;0
543;ZZ;06:46:40;RMBK;0
544;ZZ;06:52:52;RMBK;0
545;ZZ;06:59:04;RMBK;0
546;ZZ;07:05:16;RMBK;0
547;ZZ;07:11:28;RMBK;0
548;ZZ;07:17:40;RMBK;0
549;ZZ;07:23:52;RMBK;0
550;ZZ;07:30:04;RMBK;0
551;ZZ;07:36:16;RMBK;0
552;ZZ;07:42:28;RMBK;0
553;ZZ;07:48:40;RMBK;0
554;ZZ;07:54:52;RMBK;0
555;ZZ;08:01:04;RMBK;0
556;ZZ;08:07:16;RMBK;0
557;ZZ;08:13:28;RMBK;0
558;ZZ;08:19:40;RMBK;0
559;ZZ;08:25:52;RMBK;0
560;ZZ;08:32:04;RMBK;0
561;ZZ;08:38:16;RMBK;0
562;ZZ;08:44:28;RMBK;0
563;ZZ;08:50:40;RMBK;0
564;ZZ;08:56:52;RMBK;0
565;ZZ;09:03:04;RMBK;0
566;ZZ;09:09:16;RMBK;0
567;ZZ;09:15:28;RMBK;0
568;ZZ;09:21:40;RMBK;0
569;ZZ;09:27:52;RMBK;0
570;ZZ;09:34:04;RMBK;0
571;ZZ;09:40:16;RMBK;0
572;ZZ;09:46:28;RMBK;0
573;ZZ;09:52:40;RMBK;0
574;ZZ;10:03:00;RMBK;0
575;ZZ;10:13:20;RMBK;0
576;ZZ;10:23:40;RMBK;0
577;ZZ;10:34:00;RMBK;0
578;ZZ;10:44:20;RMBK;0
579;ZZ;10:54:40;RMBK;0
580;ZZ;11:05:00;RMBK;0
581;ZZ;11:15:20;RMBK;0
582;ZZ;11:25:40;RMBK;0
583;ZZ;11:36:00;RMBK;0
584;ZZ;11:46:20;RMBK;0
585;ZZ;11:56:40;RMBK;0
586;ZZ;12:07:00;RMBK;0
587;ZZ;12:17:20;RMBK;0
588;ZZ;12:27:40;RMBK;0
589;ZZ;12:38:00;RMBK;0
590;ZZ;12:48:20;RMBK;0
591;ZZ;12:58:40;RMBK;0
592;ZZ;13:09:00;RMBK;0
593;ZZ;13:19:20;RMBK;0
594;ZZ;13:29:40;RMBK;0
595;ZZ;13:40:00;RMBK;0
596;ZZ;13:50:20;RMBK;0
597;ZZ;14:00:40;RMBK;0
598;ZZ;14:11:00;RMBK;0
599;ZZ;14:21:20;RMBK;0
600;ZZ;14:31:40;RMBK;0
601;ZZ;14:42:00;RMBK;0
602;ZZ;14:52:20;RMBK;0
603;ZZ;15:02:40;RMBK;0
604;ZZ;15:13:00;RMBK;0
605;ZZ;15:23:20;RMBK;0
606;ZZ;15:33:40;RMBK;0
607;ZZ;15:44:00;RMBK;0
608;ZZ;15:54:20;RMBK;0
609;ZZ;16:04:40;RMBK;0
610;ZZ;16:15:00;RMBK;0
611;ZZ;16:25:20;RMBK;0
612;ZZ;16:35:40;RMBK;0
613;ZZ;16:46:00;RMBK;0
614;ZZ;16:56:20;RMBK;0
615;ZZ;17:06:40;RMBK;0
616;ZZ;17:17:00;RMBK;0
617;ZZ;17:27:20;RMBK;0
618;ZZ;17:37:40;RMBK;0
619;ZZ;17:48:00;RMBK;0
620;ZZ;17:58:20;RMBK;0
621;ZZ;18:04:32;RMBK;0
622;ZZ;18:10:44;RMBK;0
623;ZZ;18:16:56;RMBK;0
624;ZZ;18:23:08;RMBK;0
625;ZZ;18:29:20;RMBK;0
626;ZZ;18:35:32;RMBK;0
627;ZZ;18:41:44;RMBK;0
628;ZZ;18:47:56;RMBK;0
629;ZZ;18:54:08;RMBK;0
630;ZZ;19:00:20;RMBK;0
631;ZZ;19:06:32;RMBK;0
632;ZZ;19:12:44;RMBK;0
633;ZZ;19:18:56;RMBK;0
634;ZZ;19:25:08;RMBK;0
635;ZZ;19:31:20;RMBK;0
636;ZZ;19:37:32;RMBK;0
637;ZZ;19:43:44;RMBK;0
638;ZZ;19:49:56;RMBK;0
639;ZZ;19:56:08;RMBK;0
640;ZZ;20:02:20;RMBK;0
641;ZZ;20:08:32;RMBK;0
642;ZZ;20:14:44;RMBK;0
643;ZZ;20:20:56;RMBK;0
644;ZZ;20:27:08;RMBK;0
645;ZZ;20:33:20;RMBK;0
646;ZZ;20:39:32;RMBK;0
647;ZZ;20:45:44;RMBK;0
648;ZZ;20:51:56;RMBK;0
649;ZZ;21:02:16;RMBK;0
650;ZZ;21:12:36;RMBK;0
651;ZZ;21:22:56;RMBK;0
652;ZZ;21:33:16;RMBK;0
653;ZZ;21:43:36;RMBK;0
654;ZZ;21:53:56;RMBK;0
655;ZZ;22:04:16;RMBK;0
656;ZZ;22:14:36;RMBK;0
657;ZZ;22:24:56;RMBK;0
658;ZZ;22:35:16;RMBK;0
659;ZZ;22:45:36;RMBK;0
660;ZZ;22:55:56;RMBK;0
661;ZZ;23:06:16;RMBK;0
662;ZZ;23:16:36;RMBK;0
663;ZZ;23:26:56;RMBK;0
664;ZZ;23:37:16;RMBK;0
665;ZZ;23:47:36;RMBK;0
666;ZZ;23:57:56;RMBK;0
667;ZZ;24:08:16;RMBK;0
668;ZZ;24:18:36;RMBK;0
669;ZZ;24:28:56;RMBK;0
670;ZZ;06:23:35;ALM;1
671;ZZ;06:38:35;ALM;1
672;ZZ;06:54:35;ALM;1
673;ZZ;07:10:35;ALM;1
674;ZZ;07:25:35;ALM;1
675;ZZ;07:40:35;ALM;1
676;ZZ;07:56:35;ALM;1
677;ZZ;08:12:35;ALM;1
678;ZZ;08:27:35;ALM;1
679;ZZ;08:42:35;ALM;1
680;ZZ;08:58:35;ALM;1
681;ZZ;09:14:35;ALM;1
682;ZZ;09:29:35;ALM;1
683;ZZ;09:42:00;ALM;1
684;ZZ;09:54:25;ALM;1
685;ZZ;10:06:50;ALM;1
686;ZZ;10:19:15;ALM;1
687;ZZ;10:31:40;ALM;1
688;ZZ;10:44:05;ALM;1
689;ZZ;10:56:30;ALM;1
690;ZZ;11:08:50;ALM;1
691;ZZ;11:21:15;ALM;1
692;ZZ;11:33:40;ALM;1
693;ZZ;11:46:05;ALM;1
694;ZZ;11:58:30;ALM;1
695;ZZ;12:10:50;ALM;1
696;ZZ;12:23:15;ALM;1
697;ZZ;12:35:40;ALM;1
698;ZZ;12:48:05;ALM;1
699;ZZ;13:00:30;ALM;1
700;ZZ;13:12:50;ALM;1
701;ZZ;13:25:15;ALM;1
702;ZZ;13:37:40;ALM;1
703;ZZ;13:50:05;ALM;1
704;ZZ;14:02:30;ALM;1
705;ZZ;14:14:50;ALM;1
706;ZZ;14:27:15;ALM;1
707;ZZ;14:39:40;ALM;1
708;ZZ;14:52:05;ALM;1
709;ZZ;15:04:30;ALM;1
710;ZZ;15:16:50;ALM;1
711;ZZ;15:29:15;ALM;1
712;ZZ;15:41:40;ALM;1
713;ZZ;15:54:05;ALM;1
714;ZZ;16:06:30;ALM;1
715;ZZ;16:18:50;ALM;1
716;ZZ;16:31:15;ALM;1
717;ZZ;16:43:40;ALM;1
718;ZZ;16:56:05;ALM;1
719;ZZ;17:08:30;ALM;1
720;ZZ;17:20:50;ALM;1
721;ZZ;17:33:15;ALM;1
722;ZZ;17:45:40;ALM;1
723;ZZ;17:58:05;ALM;1
724;ZZ;18:10:30;ALM;1
725;ZZ;18:22:50;ALM;1
726;ZZ;18:35:15;ALM;1
727;ZZ;18:47:40;ALM;1
728;ZZ;19:00:05;ALM;1
729;ZZ;19:12:30;ALM;1
730;ZZ;19:24:50;ALM;1
731;ZZ;19:37:15;ALM;1
732;ZZ;19:49:40;ALM;1
733;ZZ;20:05:10;ALM;1
734;ZZ;20:20:40;ALM;1
735;ZZ;20:36:10;ALM;1
736;ZZ;20:51:40;ALM;1
737;ZZ;21:07:10;ALM;1
738;ZZ;21:22:40;ALM;1
739;ZZ;21:38:10;ALM;1
740;ZZ;21:53:40;ALM;1
741;ZZ;22:09:10;ALM;1
742;ZZ;22:24:40;ALM;1
743;ZZ;22:40:10;ALM;1
744;ZZ;22:55:40;ALM;1
745;ZZ;23:11:10;ALM;1
746;ZZ;23:26:40;ALM;1
747;ZZ;23:42:10;ALM;1
748;ZZ;24:04:20;ALM;1
749;ZZ;06:30:25;RMBK;1
750;ZZ;06:45:25;RMBK;1
751;ZZ;07:01:25;RMBK;1
752;ZZ;07:16:25;RMBK;1
753;ZZ;07:31:25;RMBK;1
754;ZZ;07:47:25;RMBK;1
755;ZZ;08:03:25;RMBK;1
756;ZZ;08:18:25;RMBK;1
757;ZZ;08:33:25;RMBK;1
758;ZZ;08:49:25;RMBK;1
759;ZZ;09:05:25;RMBK;1
760;ZZ;09:20:25;RMBK;1
761;ZZ;09:35:25;RMBK;1
762;ZZ;09:51:25;RMBK;1
763;ZZ;10:07:25;RMBK;1
764;ZZ;10:22:25;RMBK;1
765;ZZ;10:34:50;RMBK;1
766;ZZ;10:47:15;RMBK;1
767;ZZ;10:59:40;RMBK;1
768;ZZ;11:12:05;RMBK;1
769;ZZ;11:24:30;RMBK;1
770;ZZ;11:36:55;RMBK;1
771;ZZ;11:49:20;RMBK;1
772;ZZ;12:01:40;RMBK;1
773;ZZ;12:14:05;RMBK;1
774;ZZ;12:26:30;RMBK;1
775;ZZ;12:38:55;RMBK;1
776;ZZ;12:51:20;RMBK;1
777;ZZ;13:03:40;RMBK;1
778;ZZ;13:16:05;RMBK;1
779;ZZ;13:28:30;RMBK;1
780;ZZ;13:40:55;RMBK;1
781;ZZ;13:53:20;RMBK;1
782;ZZ;14:05:40;RMBK;1
783;ZZ;14:18:05;RMBK;1
784;ZZ;14:30:30;RMBK;1
785;ZZ;14:42:55;RMBK;1
786;ZZ;14:55:20;RMBK;1
787;ZZ;15:07:40;RMBK;1
788;ZZ;15:20:05;RMBK;1
789;ZZ;15:32:30;RMBK;1
790;ZZ;15:44:55;RMBK;1
791;ZZ;15:57:20;RMBK;1
792;ZZ;16:09:40;RMBK;1
793;ZZ;16:22:05;RMBK;1
794;ZZ;16:34:30;RMBK;1
795;ZZ;16:46:55;RMBK;1
796;ZZ;16:59:20;RMBK;1
797;ZZ;17:11:40;RMBK;1
798;ZZ;17:24:05;RMBK;1
799;ZZ;17:36:30;RMBK;1
800;ZZ;17:48:55;RMBK;1
801;ZZ;18:01:20;RMBK;1
802;ZZ;18:13:40;RMBK;1
803;ZZ;18:26:05;RMBK;1
804;ZZ;18:38:30;RMBK;1
805;ZZ;18:50:55;RMBK;1
806;ZZ;19:03:20;RMBK;1
807;ZZ;19:15:40;RMBK;1
808;ZZ;19:28:05;RMBK;1
809;ZZ;19:40:30;RMBK;1
810;ZZ;19:52:55;RMBK;1
811;ZZ;20:05:20;RMBK;1
812;ZZ;20:17:40;RMBK;1
813;ZZ;20:30:05;RMBK;1
814;ZZ;20:42:30;RMBK;1
815;ZZ;20:58:00;RMBK;1
816;ZZ;21:13:30;RMBK;1
817;ZZ;21:29:00;RMBK;1
818;ZZ;21:44:30;RMBK;1
819;ZZ;22:00:00;RMBK;1
820;ZZ;22:15:30;RMBK;1
821;ZZ;22:31:00;RMBK;1
822;ZZ;22:46:30;RMBK;1
823;ZZ;23:02:00;RMBK;1
824;ZZ;23:17:30;RMBK;1
825;ZZ;23:33:00;RMBK;1
826;ZZ;23:48:30;RMBK;1
827;ZZ;24:04:00;RMBK;1
828;ZZ;24:26:10;RMBK;1
829;ABA;06:23:18;BKNR;0
830;ABA;06:29:30;BKNR;0
831;ABA;06:35:42;BKNR;0
832;ABA;06:41:54;BKNR;0
833;ABA;06:48:06;BKNR;0
834;ABA;06:54:18;BKNR;0
835;ABA;07:00:30;BKNR;0
836;ABA;07:06:42;BKNR;0
837;ABA;07:12:54;BKNR;0
838;ABA;07:19:06;BKNR;0
839;ABA;07:25:18;BKNR;0
840;ABA;07:31:30;BKNR;0
841;ABA;07:37:42;BKNR;0
842;ABA;07:43:54;BKNR;0
843;ABA;07:50:06;BKNR;0
844;ABA;07:56:18;BKNR;0
845;ABA;08:02:30;BKNR;0
846;ABA;08:08:42;BKNR;0
847;ABA;08:14:54;BKNR;0
848;ABA;08:21:06;BKNR;0
849;ABA;08:27:18;BKNR;0
850;ABA;08:33:30;BKNR;0
851;ABA;08:39:42;BKNR;0
852;ABA;08:45:54;BKNR;0
853;ABA;08:52:06;BKNR;0
854;ABA;08:58:18;BKNR;0
855;ABA;09:04:30;BKNR;0
856;ABA;09:14:50;BKNR;0
857;ABA;09:25:10;BKNR;0
858;ABA;09:35:30;BKNR;0
859;ABA;09:45:50;BKNR;0
860;ABA;09:56:10;BKNR;0
861;ABA;10:06:30;BKNR;0
862;ABA;10:16:50;BKNR;0
863;ABA;10:27:10;BKNR;0
864;ABA;10:37:30;BKNR;0
865;ABA;10:47:50;BKNR;0
866;ABA;10:58:10;BKNR;0
867;ABA;11:08:30;BKNR;0
868;ABA;11:18:50;BKNR;0
869;ABA;11:29:10;BKNR;0
870;ABA;11:39:30;BKNR;0
871;ABA;11:49:50;BKNR;0
872;ABA;12:00:10;BKNR;0
873;ABA;12:10:30;BKNR;0
874;ABA;12:20:50;BKNR;0
875;ABA;12:31:10;BKNR;0
876;ABA;12:41:30;BKNR;0
877;ABA;12:51:50;BKNR;0
878;ABA;13:02:10;BKNR;0
879;ABA;13:12:30;BKNR;0
880;ABA;13:22:50;BKNR;0
881;ABA;13:33:10;BKNR;0
882;ABA;13:43:30;BKNR;0
883;ABA;13:53:50;BKNR;0
884;ABA;14:04:10;BKNR;0
885;ABA;14:14:30;BKNR;0
886;ABA;14:24:50;BKNR;0
887;ABA;14:35:10;BKNR;0
888;ABA;14:45:30;BKNR;0
889;ABA;14:55:50;BKNR;0
890;ABA;15:06:10;BKNR;0
891;ABA;15:16:30;BKNR;0
892;ABA;15:26:50;BKNR;0
893;ABA;15:37:10;BKNR;0
894;ABA;15:47:30;BKNR;0
895;ABA;15:57:50;BKNR;0
896;ABA;16:08:10;BKNR;0
897;ABA;16:18:30;BKNR;0
898;ABA;16:28:50;BKNR;0
899;ABA;16:39:10;BKNR;0
900;ABA;16:49:30;BKNR;0
901;ABA;16:59:50;BKNR;0
902;ABA;17:10:10;BKNR;0
903;ABA;17:16:22;BKNR;0
904;ABA;17:22:34;BKNR;0
905;ABA;17:28:46;BKNR;0
906;ABA;17:34:58;BKNR;0
907;ABA;17:41:10;BKNR;0
908;ABA;17:47:22;BKNR;0
909;ABA;17:53:34;BKNR;0
910;ABA;17:59:46;BKNR;0
911;ABA;18:05:58;BKNR;0
912;ABA;18:12:10;BKNR;0
913;ABA;18:18:22;BKNR;0
914;ABA;18:24:34;BKNR;0
915;ABA;18:30:46;BKNR;0
916;ABA;18:36:58;BKNR;0
917;ABA;18:43:10;BKNR;0
918;ABA;18:49:22;BKNR;0
919;ABA;18:55:34;BKNR;0
920;ABA;19:01:46;BKNR;0
921;ABA;19:07:58;BKNR;0
922;ABA;19:14:10;BKNR;0
923;ABA;19:20:22;BKNR;0
924;ABA;19:26:34;BKNR;0
925;ABA;19:32:46;BKNR;0
926;ABA;19:38:58;BKNR;0
927;ABA;19:45:10;BKNR;0
928;ABA;19:51:22;BKNR;0
929;ABA;19:57:34;BKNR;0
930;ABA;20:03:46;BKNR;0
931;ABA;20:14:06;BKNR;0
932;ABA;20:24:26;BKNR;0
933;ABA;20:34:46;BKNR;0
934;ABA;20:45:06;BKNR;0
935;ABA;20:55:26;BKNR;0
936;ABA;21:05:46;BKNR;0
937;ABA;21:16:06;BKNR;0
938;ABA;21:26:26;BKNR;0
939;ABA;21:36:46;BKNR;0
940;ABA;21:47:06;BKNR;0
941;ABA;21:57:26;BKNR;0
942;ABA;22:07:46;BKNR;0
943;ABA;22:18:06;BKNR;0
944;ABA;22:28:26;BKNR;0
945;ABA;22:38:46;BKNR;0
946;ABA;22:49:06;BKNR;0
947;ABA;22:59:26;BKNR;0
948;ABA;23:09:46;BKNR;0
949;ABA;23:20:06;BKNR;0
950;ABA;23:30:26;BKNR;0
951;ABA;23:40:46;BKNR;0
952;ABA;23:51:06;BKNR;0
953;ABA;24:01:26;BKNR;0
954;ABA;24:11:46;BKNR;0
955;ABA;06:23:24;ALM;0
956;ABA;06:29:36;ALM;0
957;ABA;06:35:48;ALM;0
958;ABA;06:42:00;ALM;0
959;ABA;06:48:12;ALM;0
960;ABA;06:54:24;ALM;0
961;ABA;07:00:36;ALM;0
962;ABA;07:06:48;ALM;0
963;ABA;07:13:00;ALM;0
964;ABA;07:19:12;ALM;0
965;ABA;07:25:24;ALM;0
966;ABA;07:31:36;ALM;0
967;ABA;07:37:48;ALM;0
968;ABA;07:44:00;ALM;0
969;ABA;07:50:12;ALM;0
970;ABA;07:56:24;ALM;0
971;ABA;08:02:36;ALM;0
972;ABA;08:08:48;ALM;0
973;ABA;08:15:00;ALM;0
974;ABA;08:21:12;ALM;0
975;ABA;08:27:24;ALM;0
976;ABA;08:33:36;ALM;0
977;ABA;08:39:48;ALM;0
978;ABA;08:46:00;ALM;0
979;ABA;08:52:12;ALM;0
980;ABA;08:58:24;ALM;0
981;ABA;09:04:36;ALM;0
982;ABA;09:10:48;ALM;0
983;ABA;09:17:00;ALM;0
984;ABA;09:23:12;ALM;0
985;ABA;09:29:24;ALM;0
986;ABA;09:35:36;ALM;0
987;ABA;09:41:48;ALM;0
988;ABA;09:48:00;ALM;0
989;ABA;09:58:20;ALM;0
990;ABA;10:08:40;ALM;0
991;ABA;10:19:00;ALM;0
992;ABA;10:29:20;ALM;0
993;ABA;10:39:40;ALM;0
994;ABA;10:50:00;ALM;0
995;ABA;11:00:20;ALM;0
996;ABA;11:10:40;ALM;0
997;ABA;11:21:00;ALM;0
998;ABA;11:31:20;ALM;0
999;ABA;11:41:40;ALM;0
1000;ABA;11:52:00;ALM;0
1001;ABA;12:02:20;ALM;0
1002;ABA;12:12:40;ALM;0
1003;ABA;12:23:00;ALM;0
1004;ABA;12:33:20;ALM;0
1005;ABA;12:43:40;ALM;0
1006;ABA;12:54:00;ALM;0
1007;ABA;13:04:20;ALM;0
1008;ABA;13:14:40;ALM;0
1009;ABA;13:25:00;ALM;0
1010;ABA;13:35:20;ALM;0
1011;ABA;13:45:40;ALM;0
1012;ABA;13:56:00;ALM;0
1013;ABA;14:06:20;ALM;0
1014;ABA;14:16:40;ALM;0
1015;ABA;14:27:00;ALM;0
1016;ABA;14:37:20;ALM;0
1017;ABA;14:47:40;ALM;0
1018;ABA;14:58:00;ALM;0
1019;ABA;15:08:20;ALM;0
1020;ABA;15:18:40;ALM;0
1021;ABA;15:29:00;ALM;0
1022;ABA;15:39:20;ALM;0
1023;ABA;15:49:40;ALM;0
1024;ABA;16:00:00;ALM;0
1025;ABA;16:10:20;ALM;0
1026;ABA;16:20:40;ALM;0
1027;ABA;16:31:00;ALM;0
1028;ABA;16:41:20;ALM;0
1029;ABA;16:51:40;ALM;0
1030;ABA;17:02:00;ALM;0
1031;ABA;17:12:20;ALM;0
1032;ABA;17:22:40;ALM;0
1033;ABA;17:33:00;ALM;0
1034;ABA;17:43:20;ALM;0
1035;ABA;17:53:40;ALM;0
1036;ABA;17:59:52;ALM;0
1037;ABA;18:06:04;ALM;0
1038;ABA;18:12:16;ALM;0
1039;ABA;18:18:28;ALM;0
1040;ABA;18:24:40;ALM;0
1041;ABA;18:30:52;ALM;0
1042;ABA;18:37:04;ALM;0
1043;ABA;18:43:16;ALM;0
1044;ABA;18:49:28;ALM;0
1045;ABA;18:55:40;ALM;0
1046;ABA;19:01:52;ALM;0
1047;ABA;19:08:04;ALM;0
1048;ABA;19:14:16;ALM;0
1049;ABA;19:20:28;ALM;0
1050;ABA;19:26:40;ALM;0
1051;ABA;19:32:52;ALM;0
1052;ABA;19:39:04;ALM;0
1053;ABA;19:45:16;ALM;0
1054;ABA;19:51:28;ALM;0
1055;ABA;19:57:40;ALM;0
1056;ABA;20:03:52;ALM;0
1057;ABA;20:10:04;ALM;0
1058;ABA;20:16:16;ALM;0
1059;ABA;20:22:28;ALM;0
1060;ABA;20:28:40;ALM;0
1061;ABA;20:34:52;ALM;0
1062;ABA;20:41:04;ALM;0
1063;ABA;20:47:16;ALM;0
1064;ABA;20:57:36;ALM;0
1065;ABA;21:07:56;ALM;0
1066;ABA;21:18:16;ALM;0
1067;ABA;21:28:36;ALM;0
1068;ABA;21:38:56;ALM;0
1069;ABA;21:49:16;ALM;0
1070;ABA;21:59:36;ALM;0
1071;ABA;22:09:56;ALM;0
1072;ABA;22:20:16;ALM;0
1073;ABA;22:30:36;ALM;0
1074;ABA;22:40:56;ALM;0
1075;ABA;22:51:16;ALM;0
1076;ABA;23:01:36;ALM;0
1077;ABA;23:11:56;ALM;0
1078;ABA;23:22:16;ALM;0
1079;ABA;23:32:36;ALM;0
1080;ABA;23:42:56;ALM;0
1081;ABA;23:53:16;ALM;0
1082;ABA;24:03:36;ALM;0
1083;ABA;24:13:56;ALM;0
1084;ABA;24:24:16;ALM;0
1085;ABA;06:28:15;BKNR;1
1086;ABA;06:43:15;BKNR;1
1087;ABA;06:59:15;BKNR;1
1088;ABA;07:15:15;BKNR;1
1089;ABA;07:30:15;BKNR;1
1090;ABA;07:45:15;BKNR;1
1091;ABA;08:01:15;BKNR;1
1092;ABA;08:17:15;BKNR;1
1093;ABA;08:32:15;BKNR;1
1094;ABA;08:47:15;BKNR;1
1095;ABA;09:03:15;BKNR;1
1096;ABA;09:19:15;BKNR;1
1097;ABA;09:34:15;BKNR;1
1098;ABA;09:46:40;BKNR;1
1099;ABA;09:59:05;BKNR;1
1100;ABA;10:11:30;BKNR;1
1101;ABA;10:23:55;BKNR;1
1102;ABA;10:36:20;BKNR;1
1103;ABA;10:48:45;BKNR;1
1104;ABA;11:01:10;BKNR;1
1105;ABA;11:13:30;BKNR;1
1106;ABA;11:25:55;BKNR;1
1107;ABA;11:38:20;BKNR;1
1108;ABA;11:50:45;BKNR;1
1109;ABA;12:03:10;BKNR;1
1110;ABA;12:15:30;BKNR;1
1111;ABA;12:27:55;BKNR;1
1112;ABA;12:40:20;BKNR;1
1113;ABA;12:52:45;BKNR;1
1114;ABA;13:05:10;BKNR;1
1115;ABA;13:17:30;BKNR;1
1116;ABA;13:29:55;BKNR;1
1117;ABA;13:42:20;BKNR;1
1118;ABA;13:54:45;BKNR;1
1119;ABA;14:07:10;BKNR;1
1120;ABA;14:19:30;BKNR;1
1121;ABA;14:31:55;BKNR;1
1122;ABA;14:44:20;BKNR;1
1123;ABA;14:56:45;BKNR;1
1124;ABA;15:09:10;BKNR;1
1125;ABA;15:21:30;BKNR;1
1126;ABA;15:33:55;BKNR;1
1127;ABA;15:46:20;BKNR;1
1128;ABA;15:58:45;BKNR;1
1129;ABA;16:11:10;BKNR;1
1130;ABA;16:23:30;BKNR;1
1131;ABA;16:35:55;BKNR;1
1132;ABA;16:48:20;BKNR;1
1133;ABA;17:00:45;BKNR;1
1134;ABA;17:13:10;BKNR;1
1135;ABA;17:25:30;BKNR;1
1136;ABA;17:37:55;BKNR;1
1137;ABA;17:50:20;BKNR;1
1138;ABA;18:02:45;BKNR;1
1139;ABA;18:15:10;BKNR;1
1140;ABA;18:27:30;BKNR;1
1141;ABA;18:39:55;BKNR;1
1142;ABA;18:52:20;BKNR;1
1143;ABA;19:04:45;BKNR;1
1144;ABA;19:17:10;BKNR;1
1145;ABA;19:29:30;BKNR;1
1146;ABA;19:41:55;BKNR;1
1147;ABA;19:54:20;BKNR;1
1148;ABA;20:09:50;BKNR;1
1149;ABA;20:25:20;BKNR;1
1150;ABA;20:40:50;BKNR;1
1151;ABA;20:56:20;BKNR;1
1152;ABA;21:11:50;BKNR;1
1153;ABA;21:27:20;BKNR;1
1154;ABA;21:42:50;BKNR;1
1155;ABA;21:58:20;BKNR;1
1156;ABA;22:13:50;BKNR;1
1157;ABA;22:29:20;BKNR;1
1158;ABA;22:44:50;BKNR;1
1159;ABA;23:00:20;BKNR;1
1160;ABA;23:15:50;BKNR;1
1161;ABA;23:31:20;BKNR;1
1162;ABA;23:46:50;BKNR;1
1163;ABA;24:09:00;BKNR;1
1164;ABA;06:25:45;ALM;1
1165;ABA;06:40:45;ALM;1
1166;ABA;06:56:45;ALM;1
1167;ABA;07:11:45;ALM;1
1168;ABA;07:26:45;ALM;1
1169;ABA;07:42:45;ALM;1
1170;ABA;07:58:45;ALM;1
1171;ABA;08:13:45;ALM;1
1172;ABA;08:28:45;ALM;1
1173;ABA;08:44:45;ALM;1
1174;ABA;09:00:45;ALM;1
1175;ABA;09:15:45;ALM;1
1176;ABA;09:30:45;ALM;1
1177;ABA;09:46:45;ALM;1
1178;ABA;10:02:45;ALM;1
1179;ABA;10:17:45;ALM;1
1180;ABA;10:30:10;ALM;1
1181;ABA;10:42:35;ALM;1
1182;ABA;10:55:00;ALM;1
1183;ABA;11:07:25;ALM;1
1184;ABA;11:19:50;ALM;1
1185;ABA;11:32:15;ALM;1
1186;ABA;11:44:40;ALM;1
1187;ABA;11:57:00;ALM;1
1188;ABA;12:09:25;ALM;1
1189;ABA;12:21:50;ALM;1
1190;ABA;12:34:15;ALM;1
1191;ABA;12:46:40;ALM;1
1192;ABA;12:59:00;ALM;1
1193;ABA;13:11:25;ALM;1
1194;ABA;13:23:50;ALM;1
1195;ABA;13:36:15;ALM;1
1196;ABA;13:48:40;ALM;1
1197;ABA;14:01:00;ALM;1
1198;ABA;14:13:25;ALM;1
1199;ABA;14:25:50;ALM;1
1200;ABA;14:38:15;ALM;1
1201;ABA;14:50:40;ALM;1
1202;ABA;15:03:00;ALM;1
1203;ABA;15:15:25;ALM;1
1204;ABA;15:27:50;ALM;1
1205;ABA;15:40:15;ALM;1
1206;ABA;15:52:40;ALM;1
1207;ABA;16:05:00;ALM;1
1208;ABA;16:17:25;ALM;1
1209;ABA;16:29:50;ALM;1
1210;ABA;16:42:15;ALM;1
1211;ABA;16:54:40;ALM;1
1212;ABA;17:07:00;ALM;1
1213;ABA;17:19:25;ALM;1
1214;ABA;17:31:50;ALM;1
1215;ABA;17:44:15;ALM;1
1216;ABA;17:56:40;ALM;1
1217;ABA;18:09:00;ALM;1
1218;ABA;18:21:25;ALM;1
1219;ABA;18:33:50;ALM;1
1220;ABA;18:46:15;ALM;1
1221;ABA;18:58:40;ALM;1
1222;ABA;19:11:00;ALM;1
1223;ABA;19:23:25;ALM;1
1224;ABA;19:35:50;ALM;1
1225;ABA;19:48:15;ALM;1
1226;ABA;20:00:40;ALM;1
1227;ABA;20:13:00;ALM;1
1228;ABA;20:25:25;ALM;1
1229;ABA;20:37:50;ALM;1
1230;ABA;20:53:20;ALM;1
1231;ABA;21:08:50;ALM;1
1232;ABA;21:24:20;ALM;1
1233;ABA;21:39:50;ALM;1
1234;ABA;21:55:20;ALM;1
1235;ABA;22:10:50;ALM;1
1236;ABA;22:26:20;ALM;1
1237;ABA;22:41:50;ALM;1
1238;ABA;22:57:20;ALM;1
1239;ABA;23:12:50;ALM;1
1240;ABA;23:28:20;ALM;1
1241;ABA;23:43:50;ALM;1
1242;ABA;23:59:20;ALM;1
1243;ABA;24:21:30;ALM;1
1244;RMBK;06:22:30;ZZ;0
1245;RMBK;06:28:42;ZZ;0
1246;RMBK;06:34:54;ZZ;0
1247;RMBK;06:41:06;ZZ;0
1248;RMBK;06:47:18;ZZ;0
1249;RMBK;06:53:30;ZZ;0
1250;RMBK;06:59:42;ZZ;0
1251;RMBK;07:05:54;ZZ;0
1252;RMBK;07:12:06;ZZ;0
1253;RMBK;07:18:18;ZZ;0
1254;RMBK;07:24:30;ZZ;0
1255;RMBK;07:30:42;ZZ;0
1256;RMBK;07:36:54;ZZ;0
1257;RMBK;07:43:06;ZZ;0
1258;RMBK;07:49:18;ZZ;0
1259;RMBK;07:55:30;ZZ;0
1260;RMBK;08:01:42;ZZ;0
1261;RMBK;08:07:54;ZZ;0
1262;RMBK;08:14:06;ZZ;0
1263;RMBK;08:20:18;ZZ;0
1264;RMBK;08:26:30;ZZ;0
1265;RMBK;08:32:42;ZZ;0
1266;RMBK;08:38:54;ZZ;0
1267;RMBK;08:45:06;ZZ;0
1268;RMBK;08:51:18;ZZ;0
1269;RMBK;08:57:30;ZZ;0
1270;RMBK;09:07:50;ZZ;0
1271;RMBK;09:18:10;ZZ;0
1272;RMBK;09:28:30;ZZ;0
1273;RMBK;09:38:50;ZZ;0
1274;RMBK;09:49:10;ZZ;0
1275;RMBK;09:59:30;ZZ;0
1276;RMBK;10:09:50;ZZ;0
1277;RMBK;10:20:10;ZZ;0
1278;RMBK;10:30:30;ZZ;0
1279;RMBK;10:40:50;ZZ;0
1280;RMBK;10:51:10;ZZ;0
1281;RMBK;11:01:30;ZZ;0
1282;RMBK;11:11:50;ZZ;0
1283;RMBK;11:22:10;ZZ;0
1284;RMBK;11:32:30;ZZ;0
1285;RMBK;11:42:50;ZZ;0
1286;RMBK;11:53:10;ZZ;0
1287;RMBK;12:03:30;ZZ;0
1288;RMBK;12:13:50;ZZ;0
1289;RMBK;12:24:10;ZZ;0
1290;RMBK;12:34:30;ZZ;0
1291;RMBK;12:44:50;ZZ;0
1292;RMBK;12:55:10;ZZ;0
1293;RMBK;13:05:30;ZZ;0
1294;RMBK;13:15:50;ZZ;0
1295;RMBK;13:26:10;ZZ;0
1296;RMBK;13:36:30;ZZ;0
1297;RMBK;13:46:50;ZZ;0
1298;RMBK;13:57:10;ZZ;0
1299;RMBK;14:07:30;ZZ;0
1300;RMBK;14:17:50;ZZ;0
1301;RMBK;14:28:10;ZZ;0
1302;RMBK;14:38:30;ZZ;0
1303;RMBK;14:48:50;ZZ;0
1304;RMBK;14:59:10;ZZ;0
1305;RMBK;15:09:30;ZZ;0
1306;RMBK;15:19:50;ZZ;0
1307;RMBK;15:30:10;ZZ;0
1308;RMBK;15:40:30;ZZ;0
1309;RMBK;15:50:50;ZZ;0
1310;RMBK;16:01:10;ZZ;0
1311;RMBK;16:11:30;ZZ;0
1312;RMBK;16:21:50;ZZ;0
1313;RMBK;16:32:10;ZZ;0
1314;RMBK;16:42:30;ZZ;0
1315;RMBK;16:52:50;ZZ;0
1316;RMBK;17:03:10;ZZ;0
1317;RMBK;17:09:22;ZZ;0
1318;RMBK;17:15:34;ZZ;0
1319;RMBK;17:21:46;ZZ;0
1320;RMBK;17:27:58;ZZ;0
1321;RMBK;17:34:10;ZZ;0
1322;RMBK;17:40:22;ZZ;0
1323;RMBK;17:46:34;ZZ;0
1324;RMBK;17:52:46;ZZ;0
1325;RMBK;17:58:58;ZZ;0
1326;RMBK;18:05:10;ZZ;0
1327;RMBK;18:11:22;ZZ;0
1328;RMBK;18:17:34;ZZ;0
1329;RMBK;18:23:46;ZZ;0
1330;RMBK;18:29:58;ZZ;0
1331;RMBK;18:36:10;ZZ;0
1332;RMBK;18:42:22;ZZ;0
1333;RMBK;18:48:34;ZZ;0
1334;RMBK;18:54:46;ZZ;0
1335;RMBK;19:00:58;ZZ;0
1336;RMBK;19:07:10;ZZ;0
1337;RMBK;19:13:22;ZZ;0
1338;RMBK;19:19:34;ZZ;0
1339;RMBK;19:25:46;ZZ;0
1340;RMBK;19:31:58;ZZ;0
1341;RMBK;19:38:10;ZZ;0
1342;RMBK;19:44:22;ZZ;0
1343;RMBK;19:50:34;ZZ;0
1344;RMBK;19:56:46;ZZ;0
1345;RMBK;20:07:06;ZZ;0
1346;RMBK;20:17:26;ZZ;0
1347;RMBK;20:27:46;ZZ;0
1348;RMBK;20:38:06;ZZ;0
1349;RMBK;20:48:26;ZZ;0
1350;RMBK;20:58:46;ZZ;0
1351;RMBK;21:09:06;ZZ;0
1352;RMBK;21:19:26;ZZ;0
1353;RMBK;21:29:46;ZZ;0
1354;RMBK;21:40:06;ZZ;0
1355;RMBK;21:50:26;ZZ;0
1356;RMBK;22:00:46;ZZ;0
1357;RMBK;22:11:06;ZZ;0
1358;RMBK;22:21:26;ZZ;0
1359;RMBK;22:31:46;ZZ;0
1360;RMBK;22:42:06;ZZ;0
1361;RMBK;22:52:26;ZZ;0
1362;RMBK;23:02:46;ZZ;0
1363;RMBK;23:13:06;ZZ;0
1364;RMBK;23:23:26;ZZ;0
1365;RMBK;23:33:46;ZZ;0
1366;RMBK;23:44:06;ZZ;0
1367;RMBK;23:54:26;ZZ;0
1368;RMBK;24:04:46;ZZ;0
1369;RMBK;06:21:15;ZZ;1
1370;RMBK;06:36:15;ZZ;1
1371;RMBK;06:52:15;ZZ;1
1372;RMBK;07:08:15;ZZ;1
1373;RMBK;07:23:15;ZZ;1
1374;RMBK;07:38:15;ZZ;1
1375;RMBK;07:54:15;ZZ;1
1376;RMBK;08:10:15;ZZ;1
1377;RMBK;08:25:15;ZZ;1
1378;RMBK;08:40:15;ZZ;1
1379;RMBK;08:56:15;ZZ;1
1380;RMBK;09:12:15;ZZ;1
1381;RMBK;09:27:15;ZZ;1
1382;RMBK;09:39:40;ZZ;1
1383;RMBK;09:52:05;ZZ;1
1384;RMBK;10:04:30;ZZ;1
1385;RMBK;10:16:55;ZZ;1
1386;RMBK;10:29:20;ZZ;1
1387;RMBK;10:41:45;ZZ;1
1388;RMBK;10:54:10;ZZ;1
1389;RMBK;11:06:30;ZZ;1
1390;RMBK;11:18:55;ZZ;1
1391;RMBK;11:31:20;ZZ;1
1392;RMBK;11:43:45;ZZ;1
1393;RMBK;11:56:10;ZZ;1
1394;RMBK;12:08:30;ZZ;1
1395;RMBK;12:20:55;ZZ;1
1396;RMBK;12:33:20;ZZ;1
1397;RMBK;12:45:45;ZZ;1
1398;RMBK;12:58:10;ZZ;1
1399;RMBK;13:10:30;ZZ;1
1400;RMBK;13:22:55;ZZ;1
1401;RMBK;13:35:20;ZZ;1
1402;RMBK;13:47:45;ZZ;1
1403;RMBK;14:00:10;ZZ;1
1404;RMBK;14:12:30;ZZ;1
1405;RMBK;14:24:55;ZZ;1
1406;RMBK;14:37:20;ZZ;1
1407;RMBK;14:49:45;ZZ;1
1408;RMBK;15:02:10;ZZ;1
1409;RMBK;15:14:30;ZZ;1
1410;RMBK;15:26:55;ZZ;1
1411;RMBK;15:39:20;ZZ;1
1412;RMBK;15:51:45;ZZ;1
1413;RMBK;16:04:10;ZZ;1
1414;RMBK;16:16:30;ZZ;1
1415;RMBK;16:28:55;ZZ;1
1416;RMBK;16:41:20;ZZ;1
1417;RMBK;16:53:45;ZZ;1
1418;RMBK;17:06:10;ZZ;1
1419;RMBK;17:18:30;ZZ;1
1420;RMBK;17:30:55;ZZ;1
1421;RMBK;17:43:20;ZZ;1
1422;RMBK;17:55:45;ZZ;1
1423;RMBK;18:08:10;ZZ;1
1424;RMBK;18:20:30;ZZ;1
1425;RMBK;18:32:55;ZZ;1
1426;RMBK;18:45:20;ZZ;1
1427;RMBK;18:57:45;ZZ;1
1428;RMBK;19:10:10;ZZ;1
1429;RMBK;19:22:30;ZZ;1
1430;RMBK;19:34:55;ZZ;1
1431;RMBK;19:47:20;ZZ;1
1432;RMBK;20:02:50;ZZ;1
1433;RMBK;20:18:20;ZZ;1
1434;RMBK;20:33:50;ZZ;1
1435;RMBK;20:49:20;ZZ;1
1436;RMBK;21:04:50;ZZ;1
1437;RMBK;21:20:20;ZZ;1
1438;RMBK;21:35:50;ZZ;1
1439;RMBK;21:51:20;ZZ;1
1440;RMBK;22:06:50;ZZ;1
1441;RMBK;22:22:20;ZZ;1
1442;RMBK;22:37:50;ZZ;1
1443;RMBK;22:53:20;ZZ;1
1444;RMBK;23:08:50;ZZ;1
1445;RMBK;23:24:20;ZZ;1
1446;RMBK;23:39:50;ZZ;1
1447;RMBK;24:02:00;ZZ;1
1448;ALM;06:27:00;ABA;0
1449;ALM;06:33:12;ABA;0
1450;ALM;06:39:24;ABA;0
1451;ALM;06:45:36;ABA;0
1452;ALM;06:51:48;ABA;0
1453;ALM;06:58:00;ABA;0
1454;ALM;07:04:12;ABA;0
1455;ALM;07:10:24;ABA;0
1456;ALM;07:16:36;ABA;0
1457;ALM;07:22:48;ABA;0
1458;ALM;07:29:00;ABA;0
1459;ALM;07:35:12;ABA;0
1460;ALM;07:41:24;ABA;0
1461;ALM;07:47:36;ABA;0
1462;ALM;07:53:48;ABA;0
1463;ALM;08:00:00;ABA;0
1464;ALM;08:06:12;ABA;0
1465;ALM;08:12:24;ABA;0
1466;ALM;08:18:36;ABA;0
1467;ALM;08:24:48;ABA;0
1468;ALM;08:31:00;ABA;0
1469;ALM;08:37:12;ABA;0
1470;ALM;08:43:24;ABA;0
1471;ALM;08:49:36;ABA;0
1472;ALM;08:55:48;ABA;0
1473;ALM;09:02:00;ABA;0
1474;ALM;09:12:20;ABA;0
1475;ALM;09:22:40;ABA;0
1476;ALM;09:33:00;ABA;0
1477;ALM;09:43:20;ABA;0
1478;ALM;09:53:40;ABA;0
1479;ALM;10:04:00;ABA;0
1480;ALM;10:14:20;ABA;0
1481;ALM;10:24:40;ABA;0
1482;ALM;10:35:00;ABA;0
1483;ALM;10:45:20;ABA;0
1484;ALM;10:55:40;ABA;0
1485;ALM;11:06:00;ABA;0
1486;ALM;11:16:20;ABA;0
1487;ALM;11:26:40;ABA;0
1488;ALM;11:37:00;ABA;0
1489;ALM;11:47:20;ABA;0
1490;ALM;11:57:40;ABA;0
1491;ALM;12:08:00;ABA;0
1492;ALM;12:18:20;ABA;0
1493;ALM;12:28:40;ABA;0
1494;ALM;12:39:00;ABA;0
1495;ALM;12:49:20;ABA;0
1496;ALM;12:59:40;ABA;0
1497;ALM;13:10:00;ABA;0
1498;ALM;13:20:20;ABA;0
1499;ALM;13:30:40;ABA;0
1500;ALM;13:41:00;ABA;0
1501;ALM;13:51:20;ABA;0
1502;ALM;14:01:40;ABA;0
1503;ALM;14:12:00;ABA;0
1504;ALM;14:22:20;ABA;0
1505;ALM;14:32:40;ABA;0
1506;ALM;14:43:00;ABA;0
1507;ALM;14:53:20;ABA;0
1508;ALM;15:03:40;ABA;0
1509;ALM;15:14:00;ABA;0
1510;ALM;15:24:20;ABA;0
1511;ALM;15:34:40;ABA;0
1512;ALM;15:45:00;ABA;0
1513;ALM;15:55:20;ABA;0
1514;ALM;16:05:40;ABA;0
1515;ALM;16:16:00;ABA;0
1516;ALM;16:26:20;ABA;0
1517;ALM;16:36:40;ABA;0
1518;ALM;16:47:00;ABA;0
1519;ALM;16:57:20;ABA;0
1520;ALM;17:07:40;ABA;0
1521;ALM;17:13:52;ABA;0
1522;ALM;17:20:04;ABA;0
1523;ALM;17:26:16;ABA;0
1524;ALM;17:32:28;ABA;0
1525;ALM;17:38:40;ABA;0
1526;ALM;17:44:52;ABA;0
1527;ALM;17:51:04;ABA;0
1528;ALM;17:57:16;ABA;0
1529;ALM;18:03:28;ABA;0
1530;ALM;18:09:40;ABA;0
1531;ALM;18:15:52;ABA;0
1532;ALM;18:22:04;ABA;0
1533;ALM;18:28:16;ABA;0
1534;ALM;18:34:28;ABA;0
1535;ALM;18:40:40;ABA;0
1536;ALM;18:46:52;ABA;0
1537;ALM;18:53:04;ABA;0
1538;ALM;18:59:16;ABA;0
1539;ALM;19:05:28;ABA;0
1540;ALM;19:11:40;ABA;0
1541;ALM;19:17:52;ABA;0
1542;ALM;19:24:04;ABA;0
1543;ALM;19:30:16;ABA;0
1544;ALM;19:36:28;ABA;0
1545;ALM;19:42:40;ABA;0
1546;ALM;19:48:52;ABA;0
1547;ALM;19:55:04;ABA;0
1548;ALM;20:01:16;ABA;0
1549;ALM;20:11:36;ABA;0
1550;ALM;20:21:56;ABA;0
1551;ALM;20:32:16;ABA;0
1552;ALM;20:42:36;ABA;0
1553;ALM;20:52:56;ABA;0
1554;ALM;21:03:16;ABA;0
1555;ALM;21:13:36;ABA;0
1556;ALM;21:23:56;ABA;0
1557;ALM;21:34:16;ABA;0
1558;ALM;21:44:36;ABA;0
1559;ALM;21:54:56;ABA;0
1560;ALM;22:05:16;ABA;0
1561;ALM;22:15:36;ABA;0
1562;ALM;22:25:56;ABA;0
1563;ALM;22:36:16;ABA;0
1564;ALM;22:46:36;ABA;0
1565;ALM;22:56:56;ABA;0
1566;ALM;23:07:16;ABA;0
1567;ALM;23:17:36;ABA;0
1568;ALM;23:27:56;ABA;0
1569;ALM;23:38:16;ABA;0
1570;ALM;23:48:36;ABA;0
1571;ALM;23:58:56;ABA;0
1572;ALM;24:09:16;ABA;0
1573;ALM;06:25:54;ZZ;0
1574;ALM;06:32:06;ZZ;0
1575;ALM;06:38:18;ZZ;0
1576;ALM;06:44:30;ZZ;0
1577;ALM;06:50:42;ZZ;0
1578;ALM;06:56:54;ZZ;0
1579;ALM;07:03:06;ZZ;0
1580;ALM;07:09:18;ZZ;0
1581;ALM;07:15:30;ZZ;0
1582;ALM;07:21:42;ZZ;0
1583;ALM;07:27:54;ZZ;0
1584;ALM;07:34:06;ZZ;0
1585;ALM;07:40:18;ZZ;0
1586;ALM;07:46:30;ZZ;0
1587;ALM;07:52:42;ZZ;0
1588;ALM;07:58:54;ZZ;0
1589;ALM;08:05:06;ZZ;0
1590;ALM;08:11:18;ZZ;0
1591;ALM;08:17:30;ZZ;0
1592;ALM;08:23:42;ZZ;0
1593;ALM;08:29:54;ZZ;0
1594;ALM;08:36:06;ZZ;0
1595;ALM;08:42:18;ZZ;0
1596;ALM;08:48:30;ZZ;0
1597;ALM;08:54:42;ZZ;0
1598;ALM;09:00:54;ZZ;0
1599;ALM;09:07:06;ZZ;0
1600;ALM;09:13:18;ZZ;0
1601;ALM;09:19:30;ZZ;0
1602;ALM;09:25:42;ZZ;0
1603;ALM;09:31:54;ZZ;0
1604;ALM;09:38:06;ZZ;0
1605;ALM;09:44:18;ZZ;0
1606;ALM;09:50:30;ZZ;0
1607;ALM;10:00:50;ZZ;0
1608;ALM;10:11:10;ZZ;0
1609;ALM;10:21:30;ZZ;0
1610;ALM;10:31:50;ZZ;0
1611;ALM;10:42:10;ZZ;0
1612;ALM;10:52:30;ZZ;0
1613;ALM;11:02:50;ZZ;0
1614;ALM;11:13:10;ZZ;0
1615;ALM;11:23:30;ZZ;0
1616;ALM;11:33:50;ZZ;0
1617;ALM;11:44:10;ZZ;0
1618;ALM;11:54:30;ZZ;0
1619;ALM;12:04:50;ZZ;0
1620;ALM;12:15:10;ZZ;0
1621;ALM;12:25:30;ZZ;0
1622;ALM;12:35:50;ZZ;0
1623;ALM;12:46:10;ZZ;0
1624;ALM;12:56:30;ZZ;0
1625;ALM;13:06:50;ZZ;0
1626;ALM;13:17:10;ZZ;0
1627;ALM;13:27:30;ZZ;0
1628;ALM;13:37:50;ZZ;0
1629;ALM;13:48:10;ZZ;0
1630;ALM;13:58:30;ZZ;0
1631;ALM;14:08:50;ZZ;0
1632;ALM;14:19:10;ZZ;0
1633;ALM;14:29:30;ZZ;0
1634;ALM;14:39:50;ZZ;0
1635;ALM;14:50:10;ZZ;0
1636;ALM;15:00:30;ZZ;0
1637;ALM;15:10:50;ZZ;0
1638;ALM;15:21:10;ZZ;0
1639;ALM;15:31:30;ZZ;0
1640;ALM;15:41:50;ZZ;0
1641;ALM;15:52:10;ZZ;0
1642;ALM;16:02:30;ZZ;0
1643;ALM;16:12:50;ZZ;0
1644;ALM;16:23:10;ZZ;0
1645;ALM;16:33:30;ZZ;0
1646;ALM;16:43:50;ZZ;0
1647;ALM;16:54:10;ZZ;0
1648;ALM;17:04:30;ZZ;0
1649;ALM;17:14:50;ZZ;0
1650;ALM;17:25:10;ZZ;0
1651;ALM;17:35:30;ZZ;0
1652;ALM;17:45:50;ZZ;0
1653;ALM;17:56:10;ZZ;0
1654;ALM;18:02:22;ZZ;0
1655;ALM;18:08:34;ZZ;0
1656;ALM;18:14:46;ZZ;0
1657;ALM;18:20:58;ZZ;0
1658;ALM;18:27:10;ZZ;0
1659;ALM;18:33:22;ZZ;0
1660;ALM;18:39:34;ZZ;0
1661;ALM;18:45:46;ZZ;0
1662;ALM;18:51:58;ZZ;0
1663;ALM;18:58:10;ZZ;0
1664;ALM;19:04:22;ZZ;0
1665;ALM;19:10:34;ZZ;0
1666;ALM;19:16:46;ZZ;0
1667;ALM;19:22:58;ZZ;0
1668;ALM;19:29:10;ZZ;0
1669;ALM;19:35:22;ZZ;0
1670;ALM;19:41:34;ZZ;0
1671;ALM;19:47:46;ZZ;0
1672;ALM;19:53:58;ZZ;0
1673;ALM;20:00:10;ZZ;0
1674;ALM;20:06:22;ZZ;0
1675;ALM;20:12:34;ZZ;0
1676;ALM;20:18:46;ZZ;0
1677;ALM;20:24:58;ZZ;0
1678;ALM;20:31:10;ZZ;0
1679;ALM;20:37:22;ZZ;0
1680;ALM;20:43:34;ZZ;0
1681;ALM;20:49:46;ZZ;0
1682;ALM;21:00:06;ZZ;0
1683;ALM;21:10:26;ZZ;0
1684;ALM;21:20:46;ZZ;0
1685;ALM;21:31:06;ZZ;0
1686;ALM;21:41:26;ZZ;0
1687;ALM;21:51:46;ZZ;0
1688;ALM;22:02:06;ZZ;0
1689;ALM;22:12:26;ZZ;0
1690;ALM;22:22:46;ZZ;0
1691;ALM;22:33:06;ZZ;0
1692;ALM;22:43:26;ZZ;0
1693;ALM;22:53:46;ZZ;0
1694;ALM;23:04:06;ZZ;0
1695;ALM;23:14:26;ZZ;0
1696;ALM;23:24:46;ZZ;0
1697;ALM;23:35:06;ZZ;0
1698;ALM;23:45:26;ZZ;0
1699;ALM;23:55:46;ZZ;0
1700;ALM;24:06:06;ZZ;0
1701;ALM;24:16:26;ZZ;0
1702;ALM;24:26:46;ZZ;0
1703;ALM;06:25:45;ABA;1
1704;ALM;06:40:45;ABA;1
1705;ALM;06:56:45;ABA;1
1706;ALM;07:12:45;ABA;1
1707;ALM;07:27:45;ABA;1
1708;ALM;07:42:45;ABA;1
1709;ALM;07:58:45;ABA;1
1710;ALM;08:14:45;ABA;1
1711;ALM;08:29:45;ABA;1
1712;ALM;08:44:45;ABA;1
1713;ALM;09:00:45;ABA;1
1714;ALM;09:16:45;ABA;1
1715;ALM;09:31:45;ABA;1
1716;ALM;09:44:10;ABA;1
1717;ALM;09:56:35;ABA;1
1718;ALM;10:09:00;ABA;1
1719;ALM;10:21:25;ABA;1
1720;ALM;10:33:50;ABA;1
1721;ALM;10:46:15;ABA;1
1722;ALM;10:58:40;ABA;1
1723;ALM;11:11:00;ABA;1
1724;ALM;11:23:25;ABA;1
1725;ALM;11:35:50;ABA;1
1726;ALM;11:48:15;ABA;1
1727;ALM;12:00:40;ABA;1
1728;ALM;12:13:00;ABA;1
1729;ALM;12:25:25;ABA;1
1730;ALM;12:37:50;ABA;1
1731;ALM;12:50:15;ABA;1
1732;ALM;13:02:40;ABA;1
1733;ALM;13:15:00;ABA;1
1734;ALM;13:27:25;ABA;1
1735;ALM;13:39:50;ABA;1
1736;ALM;13:52:15;ABA;1
1737;ALM;14:04:40;ABA;1
1738;ALM;14:17:00;ABA;1
1739;ALM;14:29:25;ABA;1
1740;ALM;14:41:50;ABA;1
1741;ALM;14:54:15;ABA;1
1742;ALM;15:06:40;ABA;1
1743;ALM;15:19:00;ABA;1
1744;ALM;15:31:25;ABA;1
1745;ALM;15:43:50;ABA;1
1746;ALM;15:56:15;ABA;1
1747;ALM;16:08:40;ABA;1
1748;ALM;16:21:00;ABA;1
1749;ALM;16:33:25;ABA;1
1750;ALM;16:45:50;ABA;1
1751;ALM;16:58:15;ABA;1
1752;ALM;17:10:40;ABA;1
1753;ALM;17:23:00;ABA;1
1754;ALM;17:35:25;ABA;1
1755;ALM;17:47:50;ABA;1
1756;ALM;18:00:15;ABA;1
1757;ALM;18:12:40;ABA;1
1758;ALM;18:25:00;ABA;1
1759;ALM;18:37:25;ABA;1
1760;ALM;18:49:50;ABA;1
1761;ALM;19:02:15;ABA;1
1762;ALM;19:14:40;ABA;1
1763;ALM;19:27:00;ABA;1
1764;ALM;19:39:25;ABA;1
1765;ALM;19:51:50;ABA;1
1766;ALM;20:07:20;ABA;1
1767;ALM;20:22:50;ABA;1
1768;ALM;20:38:20;ABA;1
1769;ALM;20:53:50;ABA;1
1770;ALM;21:09:20;ABA;1
1771;ALM;21:24:50;ABA;1
1772;ALM;21:40:20;ABA;1
1773;ALM;21:55:50;ABA;1
1774;ALM;22:11:20;ABA;1
1775;ALM;22:26:50;ABA;1
1776;ALM;22:42:20;ABA;1
1777;ALM;22:57:50;ABA;1
1778;ALM;23:13:20;ABA;1
1779;ALM;23:28:50;ABA;1
1780;ALM;23:44:20;ABA;1
1781;ALM;24:06:30;ABA;1
1782;ALM;06:28:15;ZZ;1
1783;ALM;06:43:15;ZZ;1
1784;ALM;06:59:15;ZZ;1
1785;ALM;07:14:15;ZZ;1
1786;ALM;07:29:15;ZZ;1
1787;ALM;07:45:15;ZZ;1
1788;ALM;08:01:15;ZZ;1
1789;ALM;08:16:15;ZZ;1
1790;ALM;08:31:15;ZZ;1
1791;ALM;08:47:15;ZZ;1
1792;ALM;09:03:15;ZZ;1
1793;ALM;09:18:15;ZZ;1
1794;ALM;09:33:15;ZZ;1
1795;ALM;09:49:15;ZZ;1
1796;ALM;10:05:15;ZZ;1
1797;ALM;10:20:15;ZZ;1
1798;ALM;10:32:40;ZZ;1
1799;ALM;10:45:05;ZZ;1
1800;ALM;10:57:30;ZZ;1
1801;ALM;11:09:55;ZZ;1
1802;ALM;11:22:20;ZZ;1
1803;ALM;11:34:45;ZZ;1
1804;ALM;11:47:10;ZZ;1
1805;ALM;11:59:30;ZZ;1
1806;ALM;12:11:55;ZZ;1
1807;ALM;12:24:20;ZZ;1
1808;ALM;12:36:45;ZZ;1
1809;ALM;12:49:10;ZZ;1
1810;ALM;13:01:30;ZZ;1
1811;ALM;13:13:55;ZZ;1
1812;ALM;13:26:20;ZZ;1
1813;ALM;13:38:45;ZZ;1
1814;ALM;13:51:10;ZZ;1
1815;ALM;14:03:30;ZZ;1
1816;ALM;14:15:55;ZZ;1
1817;ALM;14:28:20;ZZ;1
1818;ALM;14:40:45;ZZ;1
1819;ALM;14:53:10;ZZ;1
1820;ALM;15:05:30;ZZ;1
1821;ALM;15:17:55;ZZ;1
1822;ALM;15:30:20;ZZ;1
1823;ALM;15:42:45;ZZ;1
1824;ALM;15:55:10;ZZ;1
1825;ALM;16:07:30;ZZ;1
1826;ALM;16:19:55;ZZ;1
1827;ALM;16:32:20;ZZ;1
1828;ALM;16:44:45;ZZ;1
1829;ALM;16:57:10;ZZ;1
1830;ALM;17:09:30;ZZ;1
1831;ALM;17:21:55;ZZ;1
1832;ALM;17:34:20;ZZ;1
1833;ALM;17:46:45;ZZ;1
1834;ALM;17:59:10;ZZ;1
1835;ALM;18:11:30;ZZ;1
1836;ALM;18:23:55;ZZ;1
1837;ALM;18:36:20;ZZ;1
1838;ALM;18:48:45;ZZ;1
1839;ALM;19:01:10;ZZ;1
1840;ALM;19:13:30;ZZ;1
1841;ALM;19:25:55;ZZ;1
1842;ALM;19:38:20;ZZ;1
1843;ALM;19:50:45;ZZ;1
1844;ALM;20:03:10;ZZ;1
1845;ALM;20:15:30;ZZ;1
1846;ALM;20:27:55;ZZ;1
1847;ALM;20:40:20;ZZ;1
1848;ALM;20:55:50;ZZ;1
1849;ALM;21:11:20;ZZ;1
1850;ALM;21:26:50;ZZ;1
1851;ALM;21:42:20;ZZ;1
1852;ALM;21:57:50;ZZ;1
1853;ALM;22:13:20;ZZ;1
1854;ALM;22:28:50;ZZ;1
1855;ALM;22:44:20;ZZ;1
1856;ALM;22:59:50;ZZ;1
1857;ALM;23:15:20;ZZ;1
1858;ALM;23:30:50;ZZ;1
1859;ALM;23:46:20;ZZ;1
1860;ALM;24:01:50;ZZ;1
1861;ALM;24:24:00;ZZ;1
1862;TEATR;06:22:36;ALA;0
1863;TEATR;06:28:48;ALA;0
1864;TEATR;06:35:00;ALA;0
1865;TEATR;06:41:12;ALA;0
1866;TEATR;06:47:24;ALA;0
1867;TEATR;06:53:36;ALA;0
1868;TEATR;06:59:48;ALA;0
1869;TEATR;07:06:00;ALA;0
1870;TEATR;07:12:12;ALA;0
1871;TEATR;07:18:24;ALA;0
1872;TEATR;07:24:36;ALA;0
1873;TEATR;07:30:48;ALA;0
1874;TEATR;07:37:00;ALA;0
1875;TEATR;07:43:12;ALA;0
1876;TEATR;07:49:24;ALA;0
1877;TEATR;07:55:36;ALA;0
1878;TEATR;08:01:48;ALA;0
1879;TEATR;08:08:00;ALA;0
1880;TEATR;08:14:12;ALA;0
1881;TEATR;08:20:24;ALA;0
1882;TEATR;08:26:36;ALA;0
1883;TEATR;08:32:48;ALA;0
1884;TEATR;08:39:00;ALA;0
1885;TEATR;08:45:12;ALA;0
1886;TEATR;08:51:24;ALA;0
1887;TEATR;08:57:36;ALA;0
1888;TEATR;09:03:48;ALA;0
1889;TEATR;09:10:00;ALA;0
1890;TEATR;09:20:20;ALA;0
1891;TEATR;09:30:40;ALA;0
1892;TEATR;09:41:00;ALA;0
1893;TEATR;09:51:20;ALA;0
1894;TEATR;10:01:40;ALA;0
1895;TEATR;10:12:00;ALA;0
1896;TEATR;10:22:20;ALA;0
1897;TEATR;10:32:40;ALA;0
1898;TEATR;10:43:00;ALA;0
1899;TEATR;10:53:20;ALA;0
1900;TEATR;11:03:40;ALA;0
1901;TEATR;11:14:00;ALA;0
1902;TEATR;11:24:20;ALA;0
1903;TEATR;11:34:40;ALA;0
1904;TEATR;11:45:00;ALA;0
1905;TEATR;11:55:20;ALA;0
1906;TEATR;12:05:40;ALA;0
1907;TEATR;12:16:00;ALA;0
1908;TEATR;12:26:20;ALA;0
1909;TEATR;12:36:40;ALA;0
1910;TEATR;12:47:00;ALA;0
1911;TEATR;12:57:20;ALA;0
1912;TEATR;13:07:40;ALA;0
1913;TEATR;13:18:00;ALA;0
1914;TEATR;13:28:20;ALA;0
1915;TEATR;13:38:40;ALA;0
1916;TEATR;13:49:00;ALA;0
1917;TEATR;13:59:20;ALA;0
1918;TEATR;14:09:40;ALA;0
1919;TEATR;14:20:00;ALA;0
1920;TEATR;14:30:20;ALA;0
1921;TEATR;14:40:40;ALA;0
1922;TEATR;14:51:00;ALA;0
1923;TEATR;15:01:20;ALA;0
1924;TEATR;15:11:40;ALA;0
1925;TEATR;15:22:00;ALA;0
1926;TEATR;15:32:20;ALA;0
1927;TEATR;15:42:40;ALA;0
1928;TEATR;15:53:00;ALA;0
1929;TEATR;16:03:20;ALA;0
1930;TEATR;16:13:40;ALA;0
1931;TEATR;16:24:00;ALA;0
1932;TEATR;16:34:20;ALA;0
1933;TEATR;16:44:40;ALA;0
1934;TEATR;16:55:00;ALA;0
1935;TEATR;17:05:20;ALA;0
1936;TEATR;17:15:40;ALA;0
1937;TEATR;17:21:52;ALA;0
1938;TEATR;17:28:04;ALA;0
1939;TEATR;17:34:16;ALA;0
1940;TEATR;17:40:28;ALA;0
1941;TEATR;17:46:40;ALA;0
1942;TEATR;17:52:52;ALA;0
1943;TEATR;17:59:04;ALA;0
1944;TEATR;18:05:16;ALA;0
1945;TEATR;18:11:28;ALA;0
1946;TEATR;18:17:40;ALA;0
1947;TEATR;18:23:52;ALA;0
1948;TEATR;18:30:04;ALA;0
1949;TEATR;18:36:16;ALA;0
1950;TEATR;18:42:28;ALA;0
1951;TEATR;18:48:40;ALA;0
1952;TEATR;18:54:52;ALA;0
1953;TEATR;19:01:04;ALA;0
1954;TEATR;19:07:16;ALA;0
1955;TEATR;19:13:28;ALA;0
1956;TEATR;19:19:40;ALA;0
1957;TEATR;19:25:52;ALA;0
1958;TEATR;19:32:04;ALA;0
1959;TEATR;19:38:16;ALA;0
1960;TEATR;19:44:28;ALA;0
1961;TEATR;19:50:40;ALA;0
1962;TEATR;19:56:52;ALA;0
1963;TEATR;20:03:04;ALA;0
1964;TEATR;20:09:16;ALA;0
1965;TEATR;20:19:36;ALA;0
1966;TEATR;20:29:56;ALA;0
1967;TEATR;20:40:16;ALA;0
1968;TEATR;20:50:36;ALA;0
1969;TEATR;21:00:56;ALA;0
1970;TEATR;21:11:16;ALA;0
1971;TEATR;21:21:36;ALA;0
1972;TEATR;21:31:56;ALA;0
1973;TEATR;21:42:16;ALA;0
1974;TEATR;21:52:36;ALA;0
1975;TEATR;22:02:56;ALA;0
1976;TEATR;22:13:16;ALA;0
1977;TEATR;22:23:36;ALA;0
1978;TEATR;22:33:56;ALA;0
1979;TEATR;22:44:16;ALA;0
1980;TEATR;22:54:36;ALA;0
1981;TEATR;23:04:56;ALA;0
1982;TEATR;23:15:16;ALA;0
1983;TEATR;23:25:36;ALA;0
1984;TEATR;23:35:56;ALA;0
1985;TEATR;23:46:16;ALA;0
1986;TEATR;23:56:36;ALA;0
1987;TEATR;24:06:56;ALA;0
1988;TEATR;24:17:16;ALA;0
1989;TEATR;06:24:06;BKNR;0
1990;TEATR;06:30:18;BKNR;0
1991;TEATR;06:36:30;BKNR;0
1992;TEATR;06:42:42;BKNR;0
1993;TEATR;06:48:54;BKNR;0
1994;TEATR;06:55:06;BKNR;0
1995;TEATR;07:01:18;BKNR;0
1996;TEATR;07:07:30;BKNR;0
1997;TEATR;07:13:42;BKNR;0
1998;TEATR;07:19:54;BKNR;0
1999;TEATR;07:26:06;BKNR;0
2000;TEATR;07:32:18;BKNR;0
2001;TEATR;07:38:30;BKNR;0
2002;TEATR;07:44:42;BKNR;0
2003;TEATR;07:50:54;BKNR;0
2004;TEATR;07:57:06;BKNR;0
2005;TEATR;08:03:18;BKNR;0
2006;TEATR;08:09:30;BKNR;0
2007;TEATR;08:15:42;BKNR;0
2008;TEATR;08:21:54;BKNR;0
2009;TEATR;08:28:06;BKNR;0
2010;TEATR;08:34:18;BKNR;0
2011;TEATR;08:40:30;BKNR;0
2012;TEATR;08:46:42;BKNR;0
2013;TEATR;08:52:54;BKNR;0
2014;TEATR;08:59:06;BKNR;0
2015;TEATR;09:05:18;BKNR;0
2016;TEATR;09:11:30;BKNR;0
2017;TEATR;09:17:42;BKNR;0
2018;TEATR;09:23:54;BKNR;0
2019;TEATR;09:30:06;BKNR;0
2020;TEATR;09:36:18;BKNR;0
2021;TEATR;09:42:30;BKNR;0
2022;TEATR;09:52:50;BKNR;0
2023;TEATR;10:03:10;BKNR;0
2024;TEATR;10:13:30;BKNR;0
2025;TEATR;10:23:50;BKNR;0
2026;TEATR;10:34:10;BKNR;0
2027;TEATR;10:44:30;BKNR;0
2028;TEATR;10:54:50;BKNR;0
2029;TEATR;11:05:10;BKNR;0
2030;TEATR;11:15:30;BKNR;0
2031;TEATR;11:25:50;BKNR;0
2032;TEATR;11:36:10;BKNR;0
2033;TEATR;11:46:30;BKNR;0
2034;TEATR;11:56:50;BKNR;0
2035;TEATR;12:07:10;BKNR;0
2036;TEATR;12:17:30;BKNR;0
2037;TEATR;12:27:50;BKNR;0
2038;TEATR;12:38:10;BKNR;0
2039;TEATR;12:48:30;BKNR;0
2040;TEATR;12:58:50;BKNR;0
2041;TEATR;13:09:10;BKNR;0
2042;TEATR;13:19:30;BKNR;0
2043;TEATR;13:29:50;BKNR;0
2044;TEATR;13:40:10;BKNR;0
2045;TEATR;13:50:30;BKNR;0
2046;TEATR;14:00:50;BKNR;0
2047;TEATR;14:11:10;BKNR;0
2048;TEATR;14:21:30;BKNR;0
2049;TEATR;14:31:50;BKNR;0
2050;TEATR;14:42:10;BKNR;0
2051;TEATR;14:52:30;BKNR;0
2052;TEATR;15:02:50;BKNR;0
2053;TEATR;15:13:10;BKNR;0
2054;TEATR;15:23:30;BKNR;0
2055;TEATR;15:33:50;BKNR;0
2056;TEATR;15:44:10;BKNR;0
2057;TEATR;15:54:30;BKNR;0
2058;TEATR;16:04:50;BKNR;0
2059;TEATR;16:15:10;BKNR;0
2060;TEATR;16:25:30;BKNR;0
2061;TEATR;16:35:50;BKNR;0
2062;TEATR;16:46:10;BKNR;0
2063;TEATR;16:56:30;BKNR;0
2064;TEATR;17:06:50;BKNR;0
2065;TEATR;17:17:10;BKNR;0
2066;TEATR;17:27:30;BKNR;0
2067;TEATR;17:37:50;BKNR;0
2068;TEATR;17:48:10;BKNR;0
2069;TEATR;17:54:22;BKNR;0
2070;TEATR;18:00:34;BKNR;0
2071;TEATR;18:06:46;BKNR;0
2072;TEATR;18:12:58;BKNR;0
2073;TEATR;18:19:10;BKNR;0
2074;TEATR;18:25:22;BKNR;0
2075;TEATR;18:31:34;BKNR;0
2076;TEATR;18:37:46;BKNR;0
2077;TEATR;18:43:58;BKNR;0
2078;TEATR;18:50:10;BKNR;0
2079;TEATR;18:56:22;BKNR;0
2080;TEATR;19:02:34;BKNR;0
2081;TEATR;19:08:46;BKNR;0
2082;TEATR;19:14:58;BKNR;0
2083;TEATR;19:21:10;BKNR;0
2084;TEATR;19:27:22;BKNR;0
2085;TEATR;19:33:34;BKNR;0
2086;TEATR;19:39:46;BKNR;0
2087;TEATR;19:45:58;BKNR;0
2088;TEATR;19:52:10;BKNR;0
2089;TEATR;19:58:22;BKNR;0
2090;TEATR;20:04:34;BKNR;0
2091;TEATR;20:10:46;BKNR;0
2092;TEATR;20:16:58;BKNR;0
2093;TEATR;20:23:10;BKNR;0
2094;TEATR;20:29:22;BKNR;0
2095;TEATR;20:35:34;BKNR;0
2096;TEATR;20:41:46;BKNR;0
2097;TEATR;20:52:06;BKNR;0
2098;TEATR;21:02:26;BKNR;0
2099;TEATR;21:12:46;BKNR;0
2100;TEATR;21:23:06;BKNR;0
2101;TEATR;21:33:26;BKNR;0
2102;TEATR;21:43:46;BKNR;0
2103;TEATR;21:54:06;BKNR;0
2104;TEATR;22:04:26;BKNR;0
2105;TEATR;22:14:46;BKNR;0
2106;TEATR;22:25:06;BKNR;0
2107;TEATR;22:35:26;BKNR;0
2108;TEATR;22:45:46;BKNR;0
2109;TEATR;22:56:06;BKNR;0
2110;TEATR;23:06:26;BKNR;0
2111;TEATR;23:16:46;BKNR;0
2112;TEATR;23:27:06;BKNR;0
2113;TEATR;23:37:26;BKNR;0
2114;TEATR;23:47:46;BKNR;0
2115;TEATR;23:58:06;BKNR;0
2116;TEATR;24:08:26;BKNR;0
2117;TEATR;24:18:46;BKNR;0
2118;TEATR;06:33:45;ALA;1
2119;TEATR;06:48:45;ALA;1
2120;TEATR;07:04:45;ALA;1
2121;TEATR;07:20:45;ALA;1
2122;TEATR;07:35:45;ALA;1
2123;TEATR;07:50:45;ALA;1
2124;TEATR;08:06:45;ALA;1
2125;TEATR;08:22:45;ALA;1
2126;TEATR;08:37:45;ALA;1
2127;TEATR;08:52:45;ALA;1
2128;TEATR;09:08:45;ALA;1
2129;TEATR;09:24:45;ALA;1
2130;TEATR;09:39:45;ALA;1
2131;TEATR;09:52:10;ALA;1
2132;TEATR;10:04:35;ALA;1
2133;TEATR;10:17:00;ALA;1
2134;TEATR;10:29:25;ALA;1
2135;TEATR;10:41:50;ALA;1
2136;TEATR;10:54:15;ALA;1
2137;TEATR;11:06:40;ALA;1
2138;TEATR;11:19:00;ALA;1
2139;TEATR;11:31:25;ALA;1
2140;TEATR;11:43:50;ALA;1
2141;TEATR;11:56:15;ALA;1
2142;TEATR;12:08:40;ALA;1
2143;TEATR;12:21:00;ALA;1
2144;TEATR;12:33:25;ALA;1
2145;TEATR;12:45:50;ALA;1
2146;TEATR;12:58:15;ALA;1
2147;TEATR;13:10:40;ALA;1
2148;TEATR;13:23:00;ALA;1
2149;TEATR;13:35:25;ALA;1
2150;TEATR;13:47:50;ALA;1
2151;TEATR;14:00:15;ALA;1
2152;TEATR;14:12:40;ALA;1
2153;TEATR;14:25:00;ALA;1
2154;TEATR;14:37:25;ALA;1
2155;TEATR;14:49:50;ALA;1
2156;TEATR;15:02:15;ALA;1
2157;TEATR;15:14:40;ALA;1
2158;TEATR;15:27:00;ALA;1
2159;TEATR;15:39:25;ALA;1
2160;TEATR;15:51:50;ALA;1
2161;TEATR;16:04:15;ALA;1
2162;TEATR;16:16:40;ALA;1
2163;TEATR;16:29:00;ALA;1
2164;TEATR;16:41:25;ALA;1
2165;TEATR;16:53:50;ALA;1
2166;TEATR;17:06:15;ALA;1
2167;TEATR;17:18:40;ALA;1
2168;TEATR;17:31:00;ALA;1
2169;TEATR;17:43:25;ALA;1
2170;TEATR;17:55:50;ALA;1
2171;TEATR;18:08:15;ALA;1
2172;TEATR;18:20:40;ALA;1
2173;TEATR;18:33:00;ALA;1
2174;TEATR;18:45:25;ALA;1
2175;TEATR;18:57:50;ALA;1
2176;TEATR;19:10:15;ALA;1
2177;TEATR;19:22:40;ALA;1
2178;TEATR;19:35:00;ALA;1
2179;TEATR;19:47:25;ALA;1
2180;TEATR;19:59:50;ALA;1
2181;TEATR;20:15:20;ALA;1
2182;TEATR;20:30:50;ALA;1
2183;TEATR;20:46:20;ALA;1
2184;TEATR;21:01:50;ALA;1
2185;TEATR;21:17:20;ALA;1
2186;TEATR;21:32:50;ALA;1
2187;TEATR;21:48:20;ALA;1
2188;TEATR;22:03:50;ALA;1
2189;TEATR;22:19:20;ALA;1
2190;TEATR;22:34:50;ALA;1
2191;TEATR;22:50:20;ALA;1
2192;TEATR;23:05:50;ALA;1
2193;TEATR;23:21:20;ALA;1
2194;TEATR;23:36:50;ALA;1
2195;TEATR;23:52:20;ALA;1
2196;TEATR;24:14:30;ALA;1
2197;TEATR;06:35:15;BKNR;1
2198;TEATR;06:51:15;BKNR;1
2199;TEATR;07:06:15;BKNR;1
2200;TEATR;07:21:15;BKNR;1
2201;TEATR;07:37:15;BKNR;1
2202;TEATR;07:53:15;BKNR;1
2203;TEATR;08:08:15;BKNR;1
2204;TEATR;08:23:15;BKNR;1
2205;TEATR;08:39:15;BKNR;1
2206;TEATR;08:55:15;BKNR;1
2207;TEATR;09:10:15;BKNR;1
2208;TEATR;09:25:15;BKNR;1
2209;TEATR;09:41:15;BKNR;1
2210;TEATR;09:57:15;BKNR;1
2211;TEATR;10:12:15;BKNR;1
2212;TEATR;10:24:40;BKNR;1
2213;TEATR;10:37:05;BKNR;1
2214;TEATR;10:49:30;BKNR;1
2215;TEATR;11:01:55;BKNR;1
2216;TEATR;11:14:20;BKNR;1
2217;TEATR;11:26:45;BKNR;1
2218;TEATR;11:39:10;BKNR;1
2219;TEATR;11:51:30;BKNR;1
2220;TEATR;12:03:55;BKNR;1
2221;TEATR;12:16:20;BKNR;1
2222;TEATR;12:28:45;BKNR;1
2223;TEATR;12:41:10;BKNR;1
2224;TEATR;12:53:30;BKNR;1
2225;TEATR;13:05:55;BKNR;1
2226;TEATR;13:18:20;BKNR;1
2227;TEATR;13:30:45;BKNR;1
2228;TEATR;13:43:10;BKNR;1
2229;TEATR;13:55:30;BKNR;1
2230;TEATR;14:07:55;BKNR;1
2231;TEATR;14:20:20;BKNR;1
2232;TEATR;14:32:45;BKNR;1
2233;TEATR;14:45:10;BKNR;1
2234;TEATR;14:57:30;BKNR;1
2235;TEATR;15:09:55;BKNR;1
2236;TEATR;15:22:20;BKNR;1
2237;TEATR;15:34:45;BKNR;1
2238;TEATR;15:47:10;BKNR;1
2239;TEATR;15:59:30;BKNR;1
2240;TEATR;16:11:55;BKNR;1
2241;TEATR;16:24:20;BKNR;1
2242;TEATR;16:36:45;BKNR;1
2243;TEATR;16:49:10;BKNR;1
2244;TEATR;17:01:30;BKNR;1
2245;TEATR;17:13:55;BKNR;1
2246;TEATR;17:26:20;BKNR;1
2247;TEATR;17:38:45;BKNR;1
2248;TEATR;17:51:10;BKNR;1
2249;TEATR;18:03:30;BKNR;1
2250;TEATR;18:15:55;BKNR;1
2251;TEATR;18:28:20;BKNR;1
2252;TEATR;18:40:45;BKNR;1
2253;TEATR;18:53:10;BKNR;1
2254;TEATR;19:05:30;BKNR;1
2255;TEATR;19:17:55;BKNR;1
2256;TEATR;19:30:20;BKNR;1
2257;TEATR;19:42:45;BKNR;1
2258;TEATR;19:55:10;BKNR;1
2259;TEATR;20:07:30;BKNR;1
2260;TEATR;20:19:55;BKNR;1
2261;TEATR;20:32:20;BKNR;1
2262;TEATR;20:47:50;BKNR;1
2263;TEATR;21:03:20;BKNR;1
2264;TEATR;21:18:50;BKNR;1
2265;TEATR;21:34:20;BKNR;1
2266;TEATR;21:49:50;BKNR;1
2267;TEATR;22:05:20;BKNR;1
2268;TEATR;22:20:50;BKNR;1
2269;TEATR;22:36:20;BKNR;1
2270;TEATR;22:51:50;BKNR;1
2271;TEATR;23:07:20;BKNR;1
2272;TEATR;23:22:50;BKNR;1
2273;TEATR;23:38:20;BKNR;1
2274;TEATR;23:53:50;BKNR;1
2275;TEATR;24:16:00;BKNR;1
2276;ALA;06:25:26;SRN;0
2277;ALA;06:31:38;SRN;0
2278;ALA;06:37:50;SRN;0
2279;ALA;06:44:02;SRN;0
2280;ALA;06:50:14;SRN;0
2281;ALA;06:56:26;SRN;0
2282;ALA;07:02:38;SRN;0
2283;ALA;07:08:50;SRN;0
2284;ALA;07:15:02;SRN;0
2285;ALA;07:21:14;SRN;0
2286;ALA;07:27:26;SRN;0
2287;ALA;07:33:38;SRN;0
2288;ALA;07:39:50;SRN;0
2289;ALA;07:46:02;SRN;0
2290;ALA;07:52:14;SRN;0
2291;ALA;07:58:26;SRN;0
2292;ALA;08:04:38;SRN;0
2293;ALA;08:10:50;SRN;0
2294;ALA;08:17:02;SRN;0
2295;ALA;08:23:14;SRN;0
2296;ALA;08:29:26;SRN;0
2297;ALA;08:35:38;SRN;0
2298;ALA;08:41:50;SRN;0
2299;ALA;08:48:02;SRN;0
2300;ALA;08:54:14;SRN;0
2301;ALA;09:00:26;SRN;0
2302;ALA;09:06:38;SRN;0
2303;ALA;09:12:50;SRN;0
2304;ALA;09:23:10;SRN;0
2305;ALA;09:33:30;SRN;0
2306;ALA;09:43:50;SRN;0
2307;ALA;09:54:10;SRN;0
2308;ALA;10:04:30;SRN;0
2309;ALA;10:14:50;SRN;0
2310;ALA;10:25:10;SRN;0
2311;ALA;10:35:30;SRN;0
2312;ALA;10:45:50;SRN;0
2313;ALA;10:56:10;SRN;0
2314;ALA;11:06:30;SRN;0
2315;ALA;11:16:50;SRN;0
2316;ALA;11:27:10;SRN;0
2317;ALA;11:37:30;SRN;0
2318;ALA;11:47:50;SRN;0
2319;ALA;11:58:10;SRN;0
2320;ALA;12:08:30;SRN;0
2321;ALA;12:18:50;SRN;0
2322;ALA;12:29:10;SRN;0
2323;ALA;12:39:30;SRN;0
2324;ALA;12:49:50;SRN;0
2325;ALA;13:00:10;SRN;0
2326;ALA;13:10:30;SRN;0
2327;ALA;13:20:50;SRN;0
2328;ALA;13:31:10;SRN;0
2329;ALA;13:41:30;SRN;0
2330;ALA;13:51:50;SRN;0
2331;ALA;14:02:10;SRN;0
2332;ALA;14:12:30;SRN;0
2333;ALA;14:22:50;SRN;0
2334;ALA;14:33:10;SRN;0
2335;ALA;14:43:30;SRN;0
2336;ALA;14:53:50;SRN;0
2337;ALA;15:04:10;SRN;0
2338;ALA;15:14:30;SRN;0
2339;ALA;15:24:50;SRN;0
2340;ALA;15:35:10;SRN;0
2341;ALA;15:45:30;SRN;0
2342;ALA;15:55:50;SRN;0
2343;ALA;16:06:10;SRN;0
2344;ALA;16:16:30;SRN;0
2345;ALA;16:26:50;SRN;0
2346;ALA;16:37:10;SRN;0
2347;ALA;16:47:30;SRN;0
2348;ALA;16:57:50;SRN;0
2349;ALA;17:08:10;SRN;0
2350;ALA;17:18:30;SRN;0
2351;ALA;17:24:42;SRN;0
2352;ALA;17:30:54;SRN;0
2353;ALA;17:37:06;SRN;0
2354;ALA;17:43:18;SRN;0
2355;ALA;17:49:30;SRN;0
2356;ALA;17:55:42;SRN;0
2357;ALA;18:01:54;SRN;0
2358;ALA;18:08:06;SRN;0
2359;ALA;18:14:18;SRN;0
2360;ALA;18:20:30;SRN;0
2361;ALA;18:26:42;SRN;0
2362;ALA;18:32:54;SRN;0
2363;ALA;18:39:06;SRN;0
2364;ALA;18:45:18;SRN;0
2365;ALA;18:51:30;SRN;0
2366;ALA;18:57:42;SRN;0
2367;ALA;19:03:54;SRN;0
2368;ALA;19:10:06;SRN;0
2369;ALA;19:16:18;SRN;0
2370;ALA;19:22:30;SRN;0
2371;ALA;19:28:42;SRN;0
2372;ALA;19:34:54;SRN;0
2373;ALA;19:41:06;SRN;0
2374;ALA;19:47:18;SRN;0
2375;ALA;19:53:30;SRN;0
2376;ALA;19:59:42;SRN;0
2377;ALA;20:05:54;SRN;0
2378;ALA;20:12:06;SRN;0
2379;ALA;20:22:26;SRN;0
2380;ALA;20:32:46;SRN;0
2381;ALA;20:43:06;SRN;0
2382;ALA;20:53:26;SRN;0
2383;ALA;21:03:46;SRN;0
2384;ALA;21:14:06;SRN;0
2385;ALA;21:24:26;SRN;0
2386;ALA;21:34:46;SRN;0
2387;ALA;21:45:06;SRN;0
2388;ALA;21:55:26;SRN;0
2389;ALA;22:05:46;SRN;0
2390;ALA;22:16:06;SRN;0
2391;ALA;22:26:26;SRN;0
2392;ALA;22:36:46;SRN;0
2393;ALA;22:47:06;SRN;0
2394;ALA;22:57:26;SRN;0
2395;ALA;23:07:46;SRN;0
2396;ALA;23:18:06;SRN;0
2397;ALA;23:28:26;SRN;0
2398;ALA;23:38:46;SRN;0
2399;ALA;23:49:06;SRN;0
2400;ALA;23:59:26;SRN;0
2401;ALA;24:09:46;SRN;0
2402;ALA;24:20:06;SRN;0
2403;ALA;06:21:16;TEATR;0
2404;ALA;06:27:28;TEATR;0
2405;ALA;06:33:40;TEATR;0
2406;ALA;06:39:52;TEATR;0
2407;ALA;06:46:04;TEATR;0
2408;ALA;06:52:16;TEATR;0
2409;ALA;06:58:28;TEATR;0
2410;ALA;07:04:40;TEATR;0
2411;ALA;07:10:52;TEATR;0
2412;ALA;07:17:04;TEATR;0
2413;ALA;07:23:16;TEATR;0
2414;ALA;07:29:28;TEATR;0
2415;ALA;07:35:40;TEATR;0
2416;ALA;07:41:52;TEATR;0
2417;ALA;07:48:04;TEATR;0
2418;ALA;07:54:16;TEATR;0
2419;ALA;08:00:28;TEATR;0
2420;ALA;08:06:40;TEATR;0
2421;ALA;08:12:52;TEATR;0
2422;ALA;08:19:04;TEATR;0
2423;ALA;08:25:16;TEATR;0
2424;ALA;08:31:28;TEATR;0
2425;ALA;08:37:40;TEATR;0
2426;ALA;08:43:52;TEATR;0
2427;ALA;08:50:04;TEATR;0
2428;ALA;08:56:16;TEATR;0
2429;ALA;09:02:28;TEATR;0
2430;ALA;09:08:40;TEATR;0
2431;ALA;09:14:52;TEATR;0
2432;ALA;09:21:04;TEATR;0
2433;ALA;09:27:16;TEATR;0
2434;ALA;09:33:28;TEATR;0
2435;ALA;09:39:40;TEATR;0
2436;ALA;09:50:00;TEATR;0
2437;ALA;10:00:20;TEATR;0
2438;ALA;10:10:40;TEATR;0
2439;ALA;10:21:00;TEATR;0
2440;ALA;10:31:20;TEATR;0
2441;ALA;10:41:40;TEATR;0
2442;ALA;10:52:00;TEATR;0
2443;ALA;11:02:20;TEATR;0
2444;ALA;11:12:40;TEATR;0
2445;ALA;11:23:00;TEATR;0
2446;ALA;11:33:20;TEATR;0
2447;ALA;11:43:40;TEATR;0
2448;ALA;11:54:00;TEATR;0
2449;ALA;12:04:20;TEATR;0
2450;ALA;12:14:40;TEATR;0
2451;ALA;12:25:00;TEATR;0
2452;ALA;12:35:20;TEATR;0
2453;ALA;12:45:40;TEATR;0
2454;ALA;12:56:00;TEATR;0
2455;ALA;13:06:20;TEATR;0
2456;ALA;13:16:40;TEATR;0
2457;ALA;13:27:00;TEATR;0
2458;ALA;13:37:20;TEATR;0
2459;ALA;13:47:40;TEATR;0
2460;ALA;13:58:00;TEATR;0
2461;ALA;14:08:20;TEATR;0
2462;ALA;14:18:40;TEATR;0
2463;ALA;14:29:00;TEATR;0
2464;ALA;14:39:20;TEATR;0
2465;ALA;14:49:40;TEATR;0
2466;ALA;15:00:00;TEATR;0
2467;ALA;15:10:20;TEATR;0
2468;ALA;15:20:40;TEATR;0
2469;ALA;15:31:00;TEATR;0
2470;ALA;15:41:20;TEATR;0
2471;ALA;15:51:40;TEATR;0
2472;ALA;16:02:00;TEATR;0
2473;ALA;16:12:20;TEATR;0
2474;ALA;16:22:40;TEATR;0
2475;ALA;16:33:00;TEATR;0
2476;ALA;16:43:20;TEATR;0
2477;ALA;16:53:40;TEATR;0
2478;ALA;17:04:00;TEATR;0
2479;ALA;17:14:20;TEATR;0
2480;ALA;17:24:40;TEATR;0
2481;ALA;17:35:00;TEATR;0
2482;ALA;17:45:20;TEATR;0
2483;ALA;17:51:32;TEATR;0
2484;ALA;17:57:44;TEATR;0
2485;ALA;18:03:56;TEATR;0
2486;ALA;18:10:08;TEATR;0
2487;ALA;18:16:20;TEATR;0
2488;ALA;18:22:32;TEATR;0
2489;ALA;18:28:44;TEATR;0
2490;ALA;18:34:56;TEATR;0
2491;ALA;18:41:08;TEATR;0
2492;ALA;18:47:20;TEATR;0
2493;ALA;18:53:32;TEATR;0
2494;ALA;18:59:44;TEATR;0
2495;ALA;19:05:56;TEATR;0
2496;ALA;19:12:08;TEATR;0
2497;ALA;19:18:20;TEATR;0
2498;ALA;19:24:32;TEATR;0
2499;ALA;19:30:44;TEATR;0
2500;ALA;19:36:56;TEATR;0
2501;ALA;19:43:08;TEATR;0
2502;ALA;19:49:20;TEATR;0
2503;ALA;19:55:32;TEATR;0
2504;ALA;20:01:44;TEATR;0
2505;ALA;20:07:56;TEATR;0
2506;ALA;20:14:08;TEATR;0
2507;ALA;20:20:20;TEATR;0
2508;ALA;20:26:32;TEATR;0
2509;ALA;20:32:44;TEATR;0
2510;ALA;20:38:56;TEATR;0
2511;ALA;20:49:16;TEATR;0
2512;ALA;20:59:36;TEATR;0
2513;ALA;21:09:56;TEATR;0
2514;ALA;21:20:16;TEATR;0
2515;ALA;21:30:36;TEATR;0
2516;ALA;21:40:56;TEATR;0
2517;ALA;21:51:16;TEATR;0
2518;ALA;22:01:36;TEATR;0
2519;ALA;22:11:56;TEATR;0
2520;ALA;22:22:16;TEATR;0
2521;ALA;22:32:36;TEATR;0
2522;ALA;22:42:56;TEATR;0
2523;ALA;22:53:16;TEATR;0
2524;ALA;23:03:36;TEATR;0
2525;ALA;23:13:56;TEATR;0
2526;ALA;23:24:16;TEATR;0
2527;ALA;23:34:36;TEATR;0
2528;ALA;23:44:56;TEATR;0
2529;ALA;23:55:16;TEATR;0
2530;ALA;24:05:36;TEATR;0
2531;ALA;24:15:56;TEATR;0
2532;ALA;06:21:35;SRN;1
2533;ALA;06:36:35;SRN;1
2534;ALA;06:51:35;SRN;1
2535;ALA;07:07:35;SRN;1
2536;ALA;07:23:35;SRN;1
2537;ALA;07:38:35;SRN;1
2538;ALA;07:53:35;SRN;1
2539;ALA;08:09:35;SRN;1
2540;ALA;08:25:35;SRN;1
2541;ALA;08:40:35;SRN;1
2542;ALA;08:55:35;SRN;1
2543;ALA;09:11:35;SRN;1
2544;ALA;09:27:35;SRN;1
2545;ALA;09:42:35;SRN;1
2546;ALA;09:55:00;SRN;1
2547;ALA;10:07:25;SRN;1
2548;ALA;10:19:50;SRN;1
2549;ALA;10:32:15;SRN;1
2550;ALA;10:44:40;SRN;1
2551;ALA;10:57:05;SRN;1
2552;ALA;11:09:30;SRN;1
2553;ALA;11:21:50;SRN;1
2554;ALA;11:34:15;SRN;1
2555;ALA;11:46:40;SRN;1
2556;ALA;11:59:05;SRN;1
2557;ALA;12:11:30;SRN;1
2558;ALA;12:23:50;SRN;1
2559;ALA;12:36:15;SRN;1
2560;ALA;12:48:40;SRN;1
2561;ALA;13:01:05;SRN;1
2562;ALA;13:13:30;SRN;1
2563;ALA;13:25:50;SRN;1
2564;ALA;13:38:15;SRN;1
2565;ALA;13:50:40;SRN;1
2566;ALA;14:03:05;SRN;1
2567;ALA;14:15:30;SRN;1
2568;ALA;14:27:50;SRN;1
2569;ALA;14:40:15;SRN;1
2570;ALA;14:52:40;SRN;1
2571;ALA;15:05:05;SRN;1
2572;ALA;15:17:30;SRN;1
2573;ALA;15:29:50;SRN;1
2574;ALA;15:42:15;SRN;1
2575;ALA;15:54:40;SRN;1
2576;ALA;16:07:05;SRN;1
2577;ALA;16:19:30;SRN;1
2578;ALA;16:31:50;SRN;1
2579;ALA;16:44:15;SRN;1
2580;ALA;16:56:40;SRN;1
2581;ALA;17:09:05;SRN;1
2582;ALA;17:21:30;SRN;1
2583;ALA;17:33:50;SRN;1
2584;ALA;17:46:15;SRN;1
2585;ALA;17:58:40;SRN;1
2586;ALA;18:11:05;SRN;1
2587;ALA;18:23:30;SRN;1
2588;ALA;18:35:50;SRN;1
2589;ALA;18:48:15;SRN;1
2590;ALA;19:00:40;SRN;1
2591;ALA;19:13:05;SRN;1
2592;ALA;19:25:30;SRN;1
2593;ALA;19:37:50;SRN;1
2594;ALA;19:50:15;SRN;1
2595;ALA;20:02:40;SRN;1
2596;ALA;20:18:10;SRN;1
2597;ALA;20:33:40;SRN;1
2598;ALA;20:49:10;SRN;1
2599;ALA;21:04:40;SRN;1
2600;ALA;21:20:10;SRN;1
2601;ALA;21:35:40;SRN;1
2602;ALA;21:51:10;SRN;1
2603;ALA;22:06:40;SRN;1
2604;ALA;22:22:10;SRN;1
2605;ALA;22:37:40;SRN;1
2606;ALA;22:53:10;SRN;1
2607;ALA;23:08:40;SRN;1
2608;ALA;23:24:10;SRN;1
2609;ALA;23:39:40;SRN;1
2610;ALA;23:55:10;SRN;1
2611;ALA;24:17:20;SRN;1
2612;ALA;06:32:25;TEATR;1
2613;ALA;06:48:25;TEATR;1
2614;ALA;07:03:25;TEATR;1
2615;ALA;07:18:25;TEATR;1
2616;ALA;07:34:25;TEATR;1
2617;ALA;07:50:25;TEATR;1
2618;ALA;08:05:25;TEATR;1
2619;ALA;08:20:25;TEATR;1
2620;ALA;08:36:25;TEATR;1
2621;ALA;08:52:25;TEATR;1
2622;ALA;09:07:25;TEATR;1
2623;ALA;09:22:25;TEATR;1
2624;ALA;09:38:25;TEATR;1
2625;ALA;09:54:25;TEATR;1
2626;ALA;10:09:25;TEATR;1
2627;ALA;10:21:50;TEATR;1
2628;ALA;10:34:15;TEATR;1
2629;ALA;10:46:40;TEATR;1
2630;ALA;10:59:05;TEATR;1
2631;ALA;11:11:30;TEATR;1
2632;ALA;11:23:55;TEATR;1
2633;ALA;11:36:20;TEATR;1
2634;ALA;11:48:40;TEATR;1
2635;ALA;12:01:05;TEATR;1
2636;ALA;12:13:30;TEATR;1
2637;ALA;12:25:55;TEATR;1
2638;ALA;12:38:20;TEATR;1
2639;ALA;12:50:40;TEATR;1
2640;ALA;13:03:05;TEATR;1
2641;ALA;13:15:30;TEATR;1
2642;ALA;13:27:55;TEATR;1
2643;ALA;13:40:20;TEATR;1
2644;ALA;13:52:40;TEATR;1
2645;ALA;14:05:05;TEATR;1
2646;ALA;14:17:30;TEATR;1
2647;ALA;14:29:55;TEATR;1
2648;ALA;14:42:20;TEATR;1
2649;ALA;14:54:40;TEATR;1
2650;ALA;15:07:05;TEATR;1
2651;ALA;15:19:30;TEATR;1
2652;ALA;15:31:55;TEATR;1
2653;ALA;15:44:20;TEATR;1
2654;ALA;15:56:40;TEATR;1
2655;ALA;16:09:05;TEATR;1
2656;ALA;16:21:30;TEATR;1
2657;ALA;16:33:55;TEATR;1
2658;ALA;16:46:20;TEATR;1
2659;ALA;16:58:40;TEATR;1
2660;ALA;17:11:05;TEATR;1
2661;ALA;17:23:30;TEATR;1
2662;ALA;17:35:55;TEATR;1
2663;ALA;17:48:20;TEATR;1
2664;ALA;18:00:40;TEATR;1
2665;ALA;18:13:05;TEATR;1
2666;ALA;18:25:30;TEATR;1
2667;ALA;18:37:55;TEATR;1
2668;ALA;18:50:20;TEATR;1
2669;ALA;19:02:40;TEATR;1
2670;ALA;19:15:05;TEATR;1
2671;ALA;19:27:30;TEATR;1
2672;ALA;19:39:55;TEATR;1
2673;ALA;19:52:20;TEATR;1
2674;ALA;20:04:40;TEATR;1
2675;ALA;20:17:05;TEATR;1
2676;ALA;20:29:30;TEATR;1
2677;ALA;20:45:00;TEATR;1
2678;ALA;21:00:30;TEATR;1
2679;ALA;21:16:00;TEATR;1
2680;ALA;21:31:30;TEATR;1
2681;ALA;21:47:00;TEATR;1
2682;ALA;22:02:30;TEATR;1
2683;ALA;22:18:00;TEATR;1
2684;ALA;22:33:30;TEATR;1
2685;ALA;22:49:00;TEATR;1
2686;ALA;23:04:30;TEATR;1
2687;ALA;23:20:00;TEATR;1
2688;ALA;23:35:30;TEATR;1
2689;ALA;23:51:00;TEATR;1
2690;ALA;24:13:10;TEATR;1
2691;SRN;06:21:54;MSK;0
2692;SRN;06:28:06;MSK;0
2693;SRN;06:34:18;MSK;0
2694;SRN;06:40:30;MSK;0
2695;SRN;06:46:42;MSK;0
2696;SRN;06:52:54;MSK;0
2697;SRN;06:59:06;MSK;0
2698;SRN;07:05:18;MSK;0
2699;SRN;07:11:30;MSK;0
2700;SRN;07:17:42;MSK;0
2701;SRN;07:23:54;MSK;0
2702;SRN;07:30:06;MSK;0
2703;SRN;07:36:18;MSK;0
2704;SRN;07:42:30;MSK;0
2705;SRN;07:48:42;MSK;0
2706;SRN;07:54:54;MSK;0
2707;SRN;08:01:06;MSK;0
2708;SRN;08:07:18;MSK;0
2709;SRN;08:13:30;MSK;0
2710;SRN;08:19:42;MSK;0
2711;SRN;08:25:54;MSK;0
2712;SRN;08:32:06;MSK;0
2713;SRN;08:38:18;MSK;0
2714;SRN;08:44:30;MSK;0
2715;SRN;08:50:42;MSK;0
2716;SRN;08:56:54;MSK;0
2717;SRN;09:03:06;MSK;0
2718;SRN;09:09:18;MSK;0
2719;SRN;09:15:30;MSK;0
2720;SRN;09:25:50;MSK;0
2721;SRN;09:36:10;MSK;0
2722;SRN;09:46:30;MSK;0
2723;SRN;09:56:50;MSK;0
2724;SRN;10:07:10;MSK;0
2725;SRN;10:17:30;MSK;0
2726;SRN;10:27:50;MSK;0
2727;SRN;10:38:10;MSK;0
2728;SRN;10:48:30;MSK;0
2729;SRN;10:58:50;MSK;0
2730;SRN;11:09:10;MSK;0
2731;SRN;11:19:30;MSK;0
2732;SRN;11:29:50;MSK;0
2733;SRN;11:40:10;MSK;0
2734;SRN;11:50:30;MSK;0
2735;SRN;12:00:50;MSK;0
2736;SRN;12:11:10;MSK;0
2737;SRN;12:21:30;MSK;0
2738;SRN;12:31:50;MSK;0
2739;SRN;12:42:10;MSK;0
2740;SRN;12:52:30;MSK;0
2741;SRN;13:02:50;MSK;0
2742;SRN;13:13:10;MSK;0
2743;SRN;13:23:30;MSK;0
2744;SRN;13:33:50;MSK;0
2745;SRN;13:44:10;MSK;0
2746;SRN;13:54:30;MSK;0
2747;SRN;14:04:50;MSK;0
2748;SRN;14:15:10;MSK;0
2749;SRN;14:25:30;MSK;0
2750;SRN;14:35:50;MSK;0
2751;SRN;14:46:10;MSK;0
2752;SRN;14:56:30;MSK;0
2753;SRN;15:06:50;MSK;0
2754;SRN;15:17:10;MSK;0
2755;SRN;15:27:30;MSK;0
2756;SRN;15:37:50;MSK;0
2757;SRN;15:48:10;MSK;0
2758;SRN;15:58:30;MSK;0
2759;SRN;16:08:50;MSK;0
2760;SRN;16:19:10;MSK;0
2761;SRN;16:29:30;MSK;0
2762;SRN;16:39:50;MSK;0
2763;SRN;16:50:10;MSK;0
2764;SRN;17:00:30;MSK;0
2765;SRN;17:10:50;MSK;0
2766;SRN;17:21:10;MSK;0
2767;SRN;17:27:22;MSK;0
2768;SRN;17:33:34;MSK;0
2769;SRN;17:39:46;MSK;0
2770;SRN;17:45:58;MSK;0
2771;SRN;17:52:10;MSK;0
2772;SRN;17:58:22;MSK;0
2773;SRN;18:04:34;MSK;0
2774;SRN;18:10:46;MSK;0
2775;SRN;18:16:58;MSK;0
2776;SRN;18:23:10;MSK;0
2777;SRN;18:29:22;MSK;0
2778;SRN;18:35:34;MSK;0
2779;SRN;18:41:46;MSK;0
2780;SRN;18:47:58;MSK;0
2781;SRN;18:54:10;MSK;0
2782;SRN;19:00:22;MSK;0
2783;SRN;19:06:34;MSK;0
2784;SRN;19:12:46;MSK;0
2785;SRN;19:18:58;MSK;0
2786;SRN;19:25:10;MSK;0
2787;SRN;19:31:22;MSK;0
2788;SRN;19:37:34;MSK;0
2789;SRN;19:43:46;MSK;0
2790;SRN;19:49:58;MSK;0
2791;SRN;19:56:10;MSK;0
2792;SRN;20:02:22;MSK;0
2793;SRN;20:08:34;MSK;0
2794;SRN;20:14:46;MSK;0
2795;SRN;20:25:06;MSK;0
2796;SRN;20:35:26;MSK;0
2797;SRN;20:45:46;MSK;0
2798;SRN;20:56:06;MSK;0
2799;SRN;21:06:26;MSK;0
2800;SRN;21:16:46;MSK;0
2801;SRN;21:27:06;MSK;0
2802;SRN;21:37:26;MSK;0
2803;SRN;21:47:46;MSK;0
2804;SRN;21:58:06;MSK;0
2805;SRN;22:08:26;MSK;0
2806;SRN;22:18:46;MSK;0
2807;SRN;22:29:06;MSK;0
2808;SRN;22:39:26;MSK;0
2809;SRN;22:49:46;MSK;0
2810;SRN;23:00:06;MSK;0
2811;SRN;23:10:26;MSK;0
2812;SRN;23:20:46;MSK;0
2813;SRN;23:31:06;MSK;0
2814;SRN;23:41:26;MSK;0
2815;SRN;23:51:46;MSK;0
2816;SRN;24:02:06;MSK;0
2817;SRN;24:12:26;MSK;0
2818;SRN;24:22:46;MSK;0
2819;SRN;06:24:48;ALA;0
2820;SRN;06:31:00;ALA;0
2821;SRN;06:37:12;ALA;0
2822;SRN;06:43:24;ALA;0
2823;SRN;06:49:36;ALA;0
2824;SRN;06:55:48;ALA;0
2825;SRN;07:02:00;ALA;0
2826;SRN;07:08:12;ALA;0
2827;SRN;07:14:24;ALA;0
2828;SRN;07:20:36;ALA;0
2829;SRN;07:26:48;ALA;0
2830;SRN;07:33:00;ALA;0
2831;SRN;07:39:12;ALA;0
2832;SRN;07:45:24;ALA;0
2833;SRN;07:51:36;ALA;0
2834;SRN;07:57:48;ALA;0
2835;SRN;08:04:00;ALA;0
2836;SRN;08:10:12;ALA;0
2837;SRN;08:16:24;ALA;0
2838;SRN;08:22:36;ALA;0
2839;SRN;08:28:48;ALA;0
2840;SRN;08:35:00;ALA;0
2841;SRN;08:41:12;ALA;0
2842;SRN;08:47:24;ALA;0
2843;SRN;08:53:36;ALA;0
2844;SRN;08:59:48;ALA;0
2845;SRN;09:06:00;ALA;0
2846;SRN;09:12:12;ALA;0
2847;SRN;09:18:24;ALA;0
2848;SRN;09:24:36;ALA;0
2849;SRN;09:30:48;ALA;0
2850;SRN;09:37:00;ALA;0
2851;SRN;09:47:20;ALA;0
2852;SRN;09:57:40;ALA;0
2853;SRN;10:08:00;ALA;0
2854;SRN;10:18:20;ALA;0
2855;SRN;10:28:40;ALA;0
2856;SRN;10:39:00;ALA;0
2857;SRN;10:49:20;ALA;0
2858;SRN;10:59:40;ALA;0
2859;SRN;11:10:00;ALA;0
2860;SRN;11:20:20;ALA;0
2861;SRN;11:30:40;ALA;0
2862;SRN;11:41:00;ALA;0
2863;SRN;11:51:20;ALA;0
2864;SRN;12:01:40;ALA;0
2865;SRN;12:12:00;ALA;0
2866;SRN;12:22:20;ALA;0
2867;SRN;12:32:40;ALA;0
2868;SRN;12:43:00;ALA;0
2869;SRN;12:53:20;ALA;0
2870;SRN;13:03:40;ALA;0
2871;SRN;13:14:00;ALA;0
2872;SRN;13:24:20;ALA;0
2873;SRN;13:34:40;ALA;0
2874;SRN;13:45:00;ALA;0
2875;SRN;13:55:20;ALA;0
2876;SRN;14:05:40;ALA;0
2877;SRN;14:16:00;ALA;0
2878;SRN;14:26:20;ALA;0
2879;SRN;14:36:40;ALA;0
2880;SRN;14:47:00;ALA;0
2881;SRN;14:57:20;ALA;0
2882;SRN;15:07:40;ALA;0
2883;SRN;15:18:00;ALA;0
2884;SRN;15:28:20;ALA;0
2885;SRN;15:38:40;ALA;0
2886;SRN;15:49:00;ALA;0
2887;SRN;15:59:20;ALA;0
2888;SRN;16:09:40;ALA;0
2889;SRN;16:20:00;ALA;0
2890;SRN;16:30:20;ALA;0
2891;SRN;16:40:40;ALA;0
2892;SRN;16:51:00;ALA;0
2893;SRN;17:01:20;ALA;0
2894;SRN;17:11:40;ALA;0
2895;SRN;17:22:00;ALA;0
2896;SRN;17:32:20;ALA;0
2897;SRN;17:42:40;ALA;0
2898;SRN;17:48:52;ALA;0
2899;SRN;17:55:04;ALA;0
2900;SRN;18:01:16;ALA;0
2901;SRN;18:07:28;ALA;0
2902;SRN;18:13:40;ALA;0
2903;SRN;18:19:52;ALA;0
2904;SRN;18:26:04;ALA;0
2905;SRN;18:32:16;ALA;0
2906;SRN;18:38:28;ALA;0
2907;SRN;18:44:40;ALA;0
2908;SRN;18:50:52;ALA;0
2909;SRN;18:57:04;ALA;0
2910;SRN;19:03:16;ALA;0
2911;SRN;19:09:28;ALA;0
2912;SRN;19:15:40;ALA;0
2913;SRN;19:21:52;ALA;0
2914;SRN;19:28:04;ALA;0
2915;SRN;19:34:16;ALA;0
2916;SRN;19:40:28;ALA;0
2917;SRN;19:46:40;ALA;0
2918;SRN;19:52:52;ALA;0
2919;SRN;19:59:04;ALA;0
2920;SRN;20:05:16;ALA;0
2921;SRN;20:11:28;ALA;0
2922;SRN;20:17:40;ALA;0
2923;SRN;20:23:52;ALA;0
2924;SRN;20:30:04;ALA;0
2925;SRN;20:36:16;ALA;0
2926;SRN;20:46:36;ALA;0
2927;SRN;20:56:56;ALA;0
2928;SRN;21:07:16;ALA;0
2929;SRN;21:17:36;ALA;0
2930;SRN;21:27:56;ALA;0
2931;SRN;21:38:16;ALA;0
2932;SRN;21:48:36;ALA;0
2933;SRN;21:58:56;ALA;0
2934;SRN;22:09:16;ALA;0
2935;SRN;22:19:36;ALA;0
2936;SRN;22:29:56;ALA;0
2937;SRN;22:40:16;ALA;0
2938;SRN;22:50:36;ALA;0
2939;SRN;23:00:56;ALA;0
2940;SRN;23:11:16;ALA;0
2941;SRN;23:21:36;ALA;0
2942;SRN;23:31:56;ALA;0
2943;SRN;23:42:16;ALA;0
2944;SRN;23:52:36;ALA;0
2945;SRN;24:02:56;ALA;0
2946;SRN;24:13:16;ALA;0
2947;SRN;06:24:15;MSK;1
2948;SRN;06:39:15;MSK;1
2949;SRN;06:54:15;MSK;1
2950;SRN;07:10:15;MSK;1
2951;SRN;07:26:15;MSK;1
2952;SRN;07:41:15;MSK;1
2953;SRN;07:56:15;MSK;1
2954;SRN;08:12:15;MSK;1
2955;SRN;08:28:15;MSK;1
2956;SRN;08:43:15;MSK;1
2957;SRN;08:58:15;MSK;1
2958;SRN;09:14:15;MSK;1
2959;SRN;09:30:15;MSK;1
2960;SRN;09:45:15;MSK;1
2961;SRN;09:57:40;MSK;1
2962;SRN;10:10:05;MSK;1
2963;SRN;10:22:30;MSK;1
2964;SRN;10:34:55;MSK;1
2965;SRN;10:47:20;MSK;1
2966;SRN;10:59:45;MSK;1
2967;SRN;11:12:10;MSK;1
2968;SRN;11:24:30;MSK;1
2969;SRN;11:36:55;MSK;1
2970;SRN;11:49:20;MSK;1
2971;SRN;12:01:45;MSK;1
2972;SRN;12:14:10;MSK;1
2973;SRN;12:26:30;MSK;1
2974;SRN;12:38:55;MSK;1
2975;SRN;12:51:20;MSK;1
2976;SRN;13:03:45;MSK;1
2977;SRN;13:16:10;MSK;1
2978;SRN;13:28:30;MSK;1
2979;SRN;13:40:55;MSK;1
2980;SRN;13:53:20;MSK;1
2981;SRN;14:05:45;MSK;1
2982;SRN;14:18:10;MSK;1
2983;SRN;14:30:30;MSK;1
2984;SRN;14:42:55;MSK;1
2985;SRN;14:55:20;MSK;1
2986;SRN;15:07:45;MSK;1
2987;SRN;15:20:10;MSK;1
2988;SRN;15:32:30;MSK;1
2989;SRN;15:44:55;MSK;1
2990;SRN;15:57:20;MSK;1
2991;SRN;16:09:45;MSK;1
2992;SRN;16:22:10;MSK;1
2993;SRN;16:34:30;MSK;1
2994;SRN;16:46:55;MSK;1
2995;SRN;16:59:20;MSK;1
2996;SRN;17:11:45;MSK;1
2997;SRN;17:24:10;MSK;1
2998;SRN;17:36:30;MSK;1
2999;SRN;17:48:55;MSK;1
3000;SRN;18:01:20;MSK;1
3001;SRN;18:13:45;MSK;1
3002;SRN;18:26:10;MSK;1
3003;SRN;18:38:30;MSK;1
3004;SRN;18:50:55;MSK;1
3005;SRN;19:03:20;MSK;1
3006;SRN;19:15:45;MSK;1
3007;SRN;19:28:10;MSK;1
3008;SRN;19:40:30;MSK;1
3009;SRN;19:52:55;MSK;1
3010;SRN;20:05:20;MSK;1
3011;SRN;20:20:50;MSK;1
3012;SRN;20:36:20;MSK;1
3013;SRN;20:51:50;MSK;1
3014;SRN;21:07:20;MSK;1
3015;SRN;21:22:50;MSK;1
3016;SRN;21:38:20;MSK;1
3017;SRN;21:53:50;MSK;1
3018;SRN;22:09:20;MSK;1
3019;SRN;22:24:50;MSK;1
3020;SRN;22:40:20;MSK;1
3021;SRN;22:55:50;MSK;1
3022;SRN;23:11:20;MSK;1
3023;SRN;23:26:50;MSK;1
3024;SRN;23:42:20;MSK;1
3025;SRN;23:57:50;MSK;1
3026;SRN;24:20:00;MSK;1
3027;SRN;06:29:45;ALA;1
3028;SRN;06:45:45;ALA;1
3029;SRN;07:00:45;ALA;1
3030;SRN;07:15:45;ALA;1
3031;SRN;07:31:45;ALA;1
3032;SRN;07:47:45;ALA;1
3033;SRN;08:02:45;ALA;1
3034;SRN;08:17:45;ALA;1
3035;SRN;08:33:45;ALA;1
3036;SRN;08:49:45;ALA;1
3037;SRN;09:04:45;ALA;1
3038;SRN;09:19:45;ALA;1
3039;SRN;09:35:45;ALA;1
3040;SRN;09:51:45;ALA;1
3041;SRN;10:06:45;ALA;1
3042;SRN;10:19:10;ALA;1
3043;SRN;10:31:35;ALA;1
3044;SRN;10:44:00;ALA;1
3045;SRN;10:56:25;ALA;1
3046;SRN;11:08:50;ALA;1
3047;SRN;11:21:15;ALA;1
3048;SRN;11:33:40;ALA;1
3049;SRN;11:46:00;ALA;1
3050;SRN;11:58:25;ALA;1
3051;SRN;12:10:50;ALA;1
3052;SRN;12:23:15;ALA;1
3053;SRN;12:35:40;ALA;1
3054;SRN;12:48:00;ALA;1
3055;SRN;13:00:25;ALA;1
3056;SRN;13:12:50;ALA;1
3057;SRN;13:25:15;ALA;1
3058;SRN;13:37:40;ALA;1
3059;SRN;13:50:00;ALA;1
3060;SRN;14:02:25;ALA;1
3061;SRN;14:14:50;ALA;1
3062;SRN;14:27:15;ALA;1
3063;SRN;14:39:40;ALA;1
3064;SRN;14:52:00;ALA;1
3065;SRN;15:04:25;ALA;1
3066;SRN;15:16:50;ALA;1
3067;SRN;15:29:15;ALA;1
3068;SRN;15:41:40;ALA;1
3069;SRN;15:54:00;ALA;1
3070;SRN;16:06:25;ALA;1
3071;SRN;16:18:50;ALA;1
3072;SRN;16:31:15;ALA;1
3073;SRN;16:43:40;ALA;1
3074;SRN;16:56:00;ALA;1
3075;SRN;17:08:25;ALA;1
3076;SRN;17:20:50;ALA;1
3077;SRN;17:33:15;ALA;1
3078;SRN;17:45:40;ALA;1
3079;SRN;17:58:00;ALA;1
3080;SRN;18:10:25;ALA;1
3081;SRN;18:22:50;ALA;1
3082;SRN;18:35:15;ALA;1
3083;SRN;18:47:40;ALA;1
3084;SRN;19:00:00;ALA;1
3085;SRN;19:12:25;ALA;1
3086;SRN;19:24:50;ALA;1
3087;SRN;19:37:15;ALA;1
3088;SRN;19:49:40;ALA;1
3089;SRN;20:02:00;ALA;1
3090;SRN;20:14:25;ALA;1
3091;SRN;20:26:50;ALA;1
3092;SRN;20:42:20;ALA;1
3093;SRN;20:57:50;ALA;1
3094;SRN;21:13:20;ALA;1
3095;SRN;21:28:50;ALA;1
3096;SRN;21:44:20;ALA;1
3097;SRN;21:59:50;ALA;1
3098;SRN;22:15:20;ALA;1
3099;SRN;22:30:50;ALA;1
3100;SRN;22:46:20;ALA;1
3101;SRN;23:01:50;ALA;1
3102;SRN;23:17:20;ALA;1
3103;SRN;23:32:50;ALA;1
3104;SRN;23:48:20;ALA;1
3105;SRN;24:10:30;ALA;1
3106;MSK;06:24:34;SA;0
3107;MSK;06:30:46;SA;0
3108;MSK;06:36:58;SA;0
3109;MSK;06:43:10;SA;0
3110;MSK;06:49:22;SA;0
3111;MSK;06:55:34;SA;0
3112;MSK;07:01:46;SA;0
3113;MSK;07:07:58;SA;0
3114;MSK;07:14:10;SA;0
3115;MSK;07:20:22;SA;0
3116;MSK;07:26:34;SA;0
3117;MSK;07:32:46;SA;0
3118;MSK;07:38:58;SA;0
3119;MSK;07:45:10;SA;0
3120;MSK;07:51:22;SA;0
3121;MSK;07:57:34;SA;0
3122;MSK;08:03:46;SA;0
3123;MSK;08:09:58;SA;0
3124;MSK;08:16:10;SA;0
3125;MSK;08:22:22;SA;0
3126;MSK;08:28:34;SA;0
3127;MSK;08:34:46;SA;0
3128;MSK;08:40:58;SA;0
3129;MSK;08:47:10;SA;0
3130;MSK;08:53:22;SA;0
3131;MSK;08:59:34;SA;0
3132;MSK;09:05:46;SA;0
3133;MSK;09:11:58;SA;0
3134;MSK;09:18:10;SA;0
3135;MSK;09:28:30;SA;0
3136;MSK;09:38:50;SA;0
3137;MSK;09:49:10;SA;0
3138;MSK;09:59:30;SA;0
3139;MSK;10:09:50;SA;0
3140;MSK;10:20:10;SA;0
3141;MSK;10:30:30;SA;0
3142;MSK;10:40:50;SA;0
3143;MSK;10:51:10;SA;0
3144;MSK;11:01:30;SA;0
3145;MSK;11:11:50;SA;0
3146;MSK;11:22:10;SA;0
3147;MSK;11:32:30;SA;0
3148;MSK;11:42:50;SA;0
3149;MSK;11:53:10;SA;0
3150;MSK;12:03:30;SA;0
3151;MSK;12:13:50;SA;0
3152;MSK;12:24:10;SA;0
3153;MSK;12:34:30;SA;0
3154;MSK;12:44:50;SA;0
3155;MSK;12:55:10;SA;0
3156;MSK;13:05:30;SA;0
3157;MSK;13:15:50;SA;0
3158;MSK;13:26:10;SA;0
3159;MSK;13:36:30;SA;0
3160;MSK;13:46:50;SA;0
3161;MSK;13:57:10;SA;0
3162;MSK;14:07:30;SA;0
3163;MSK;14:17:50;SA;0
3164;MSK;14:28:10;SA;0
3165;MSK;14:38:30;SA;0
3166;MSK;14:48:50;SA;0
3167;MSK;14:59:10;SA;0
3168;MSK;15:09:30;SA;0
3169;MSK;15:19:50;SA;0
3170;MSK;15:30:10;SA;0
3171;MSK;15:40:30;SA;0
3172;MSK;15:50:50;SA;0
3173;MSK;16:01:10;SA;0
3174;MSK;16:11:30;SA;0
3175;MSK;16:21:50;SA;0
3176;MSK;16:32:10;SA;0
3177;MSK;16:42:30;SA;0
3178;MSK;16:52:50;SA;0
3179;MSK;17:03:10;SA;0
3180;MSK;17:13:30;SA;0
3181;MSK;17:23:50;SA;0
3182;MSK;17:30:02;SA;0
3183;MSK;17:36:14;SA;0
3184;MSK;17:42:26;SA;0
3185;MSK;17:48:38;SA;0
3186;MSK;17:54:50;SA;0
3187;MSK;18:01:02;SA;0
3188;MSK;18:07:14;SA;0
3189;MSK;18:13:26;SA;0
3190;MSK;18:19:38;SA;0
3191;MSK;18:25:50;SA;0
3192;MSK;18:32:02;SA;0
3193;MSK;18:38:14;SA;0
3194;MSK;18:44:26;SA;0
3195;MSK;18:50:38;SA;0
3196;MSK;18:56:50;SA;0
3197;MSK;19:03:02;SA;0
3198;MSK;19:09:14;SA;0
3199;MSK;19:15:26;SA;0
3200;MSK;19:21:38;SA;0
3201;MSK;19:27:50;SA;0
3202;MSK;19:34:02;SA;0
3203;MSK;19:40:14;SA;0
3204;MSK;19:46:26;SA;0
3205;MSK;19:52:38;SA;0
3206;MSK;19:58:50;SA;0
3207;MSK;20:05:02;SA;0
3208;MSK;20:11:14;SA;0
3209;MSK;20:17:26;SA;0
3210;MSK;20:27:46;SA;0
3211;MSK;20:38:06;SA;0
3212;MSK;20:48:26;SA;0
3213;MSK;20:58:46;SA;0
3214;MSK;21:09:06;SA;0
3215;MSK;21:19:26;SA;0
3216;MSK;21:29:46;SA;0
3217;MSK;21:40:06;SA;0
3218;MSK;21:50:26;SA;0
3219;MSK;22:00:46;SA;0
3220;MSK;22:11:06;SA;0
3221;MSK;22:21:26;SA;0
3222;MSK;22:31:46;SA;0
3223;MSK;22:42:06;SA;0
3224;MSK;22:52:26;SA;0
3225;MSK;23:02:46;SA;0
3226;MSK;23:13:06;SA;0
3227;MSK;23:23:26;SA;0
3228;MSK;23:33:46;SA;0
3229;MSK;23:44:06;SA;0
3230;MSK;23:54:26;SA;0
3231;MSK;24:04:46;SA;0
3232;MSK;24:15:06;SA;0
3233;MSK;24:25:26;SA;0
3234;MSK;06:22:08;SRN;0
3235;MSK;06:28:20;SRN;0
3236;MSK;06:34:32;SRN;0
3237;MSK;06:40:44;SRN;0
3238;MSK;06:46:56;SRN;0
3239;MSK;06:53:08;SRN;0
3240;MSK;06:59:20;SRN;0
3241;MSK;07:05:32;SRN;0
3242;MSK;07:11:44;SRN;0
3243;MSK;07:17:56;SRN;0
3244;MSK;07:24:08;SRN;0
3245;MSK;07:30:20;SRN;0
3246;MSK;07:36:32;SRN;0
3247;MSK;07:42:44;SRN;0
3248;MSK;07:48:56;SRN;0
3249;MSK;07:55:08;SRN;0
3250;MSK;08:01:20;SRN;0
3251;MSK;08:07:32;SRN;0
3252;MSK;08:13:44;SRN;0
3253;MSK;08:19:56;SRN;0
3254;MSK;08:26:08;SRN;0
3255;MSK;08:32:20;SRN;0
3256;MSK;08:38:32;SRN;0
3257;MSK;08:44:44;SRN;0
3258;MSK;08:50:56;SRN;0
3259;MSK;08:57:08;SRN;0
3260;MSK;09:03:20;SRN;0
3261;MSK;09:09:32;SRN;0
3262;MSK;09:15:44;SRN;0
3263;MSK;09:21:56;SRN;0
3264;MSK;09:28:08;SRN;0
3265;MSK;09:34:20;SRN;0
3266;MSK;09:44:40;SRN;0
3267;MSK;09:55:00;SRN;0
3268;MSK;10:05:20;SRN;0
3269;MSK;10:15:40;SRN;0
3270;MSK;10:26:00;SRN;0
3271;MSK;10:36:20;SRN;0
3272;MSK;10:46:40;SRN;0
3273;MSK;10:57:00;SRN;0
3274;MSK;11:07:20;SRN;0
3275;MSK;11:17:40;SRN;0
3276;MSK;11:28:00;SRN;0
3277;MSK;11:38:20;SRN;0
3278;MSK;11:48:40;SRN;0
3279;MSK;11:59:00;SRN;0
3280;MSK;12:09:20;SRN;0
3281;MSK;12:19:40;SRN;0
3282;MSK;12:30:00;SRN;0
3283;MSK;12:40:20;SRN;0
3284;MSK;12:50:40;SRN;0
3285;MSK;13:01:00;SRN;0
3286;MSK;13:11:20;SRN;0
3287;MSK;13:21:40;SRN;0
3288;MSK;13:32:00;SRN;0
3289;MSK;13:42:20;SRN;0
3290;MSK;13:52:40;SRN;0
3291;MSK;14:03:00;SRN;0
3292;MSK;14:13:20;SRN;0
3293;MSK;14:23:40;SRN;0
3294;MSK;14:34:00;SRN;0
3295;MSK;14:44:20;SRN;0
3296;MSK;14:54:40;SRN;0
3297;MSK;15:05:00;SRN;0
3298;MSK;15:15:20;SRN;0
3299;MSK;15:25:40;SRN;0
3300;MSK;15:36:00;SRN;0
3301;MSK;15:46:20;SRN;0
3302;MSK;15:56:40;SRN;0
3303;MSK;16:07:00;SRN;0
3304;MSK;16:17:20;SRN;0
3305;MSK;16:27:40;SRN;0
3306;MSK;16:38:00;SRN;0
3307;MSK;16:48:20;SRN;0
3308;MSK;16:58:40;SRN;0
3309;MSK;17:09:00;SRN;0
3310;MSK;17:19:20;SRN;0
3311;MSK;17:29:40;SRN;0
3312;MSK;17:40:00;SRN;0
3313;MSK;17:46:12;SRN;0
3314;MSK;17:52:24;SRN;0
3315;MSK;17:58:36;SRN;0
3316;MSK;18:04:48;SRN;0
3317;MSK;18:11:00;SRN;0
3318;MSK;18:17:12;SRN;0
3319;MSK;18:23:24;SRN;0
3320;MSK;18:29:36;SRN;0
3321;MSK;18:35:48;SRN;0
3322;MSK;18:42:00;SRN;0
3323;MSK;18:48:12;SRN;0
3324;MSK;18:54:24;SRN;0
3325;MSK;19:00:36;SRN;0
3326;MSK;19:06:48;SRN;0
3327;MSK;19:13:00;SRN;0
3328;MSK;19:19:12;SRN;0
3329;MSK;19:25:24;SRN;0
3330;MSK;19:31:36;SRN;0
3331;MSK;19:37:48;SRN;0
3332;MSK;19:44:00;SRN;0
3333;MSK;19:50:12;SRN;0
3334;MSK;19:56:24;SRN;0
3335;MSK;20:02:36;SRN;0
3336;MSK;20:08:48;SRN;0
3337;MSK;20:15:00;SRN;0
3338;MSK;20:21:12;SRN;0
3339;MSK;20:27:24;SRN;0
3340;MSK;20:33:36;SRN;0
3341;MSK;20:43:56;SRN;0
3342;MSK;20:54:16;SRN;0
3343;MSK;21:04:36;SRN;0
3344;MSK;21:14:56;SRN;0
3345;MSK;21:25:16;SRN;0
3346;MSK;21:35:36;SRN;0
3347;MSK;21:45:56;SRN;0
3348;MSK;21:56:16;SRN;0
3349;MSK;22:06:36;SRN;0
3350;MSK;22:16:56;SRN;0
3351;MSK;22:27:16;SRN;0
3352;MSK;22:37:36;SRN;0
3353;MSK;22:47:56;SRN;0
3354;MSK;22:58:16;SRN;0
3355;MSK;23:08:36;SRN;0
3356;MSK;23:18:56;SRN;0
3357;MSK;23:29:16;SRN;0
3358;MSK;23:39:36;SRN;0
3359;MSK;23:49:56;SRN;0
3360;MSK;24:00:16;SRN;0
3361;MSK;24:10:36;SRN;0
3362;MSK;06:26:55;SA;1
3363;MSK;06:41:55;SA;1
3364;MSK;06:56:55;SA;1
3365;MSK;07:12:55;SA;1
3366;MSK;07:28:55;SA;1
3367;MSK;07:43:55;SA;1
3368;MSK;07:58:55;SA;1
3369;MSK;08:14:55;SA;1
3370;MSK;08:30:55;SA;1
3371;MSK;08:45:55;SA;1
3372;MSK;09:00:55;SA;1
3373;MSK;09:16:55;SA;1
3374;MSK;09:32:55;SA;1
3375;MSK;09:47:55;SA;1
3376;MSK;10:00:20;SA;1
3377;MSK;10:12:45;SA;1
3378;MSK;10:25:10;SA;1
3379;MSK;10:37:35;SA;1
3380;MSK;10:50:00;SA;1
3381;MSK;11:02:25;SA;1
3382;MSK;11:14:50;SA;1
3383;MSK;11:27:10;SA;1
3384;MSK;11:39:35;SA;1
3385;MSK;11:52:00;SA;1
3386;MSK;12:04:25;SA;1
3387;MSK;12:16:50;SA;1
3388;MSK;12:29:10;SA;1
3389;MSK;12:41:35;SA;1
3390;MSK;12:54:00;SA;1
3391;MSK;13:06:25;SA;1
3392;MSK;13:18:50;SA;1
3393;MSK;13:31:10;SA;1
3394;MSK;13:43:35;SA;1
3395;MSK;13:56:00;SA;1
3396;MSK;14:08:25;SA;1
3397;MSK;14:20:50;SA;1
3398;MSK;14:33:10;SA;1
3399;MSK;14:45:35;SA;1
3400;MSK;14:58:00;SA;1
3401;MSK;15:10:25;SA;1
3402;MSK;15:22:50;SA;1
3403;MSK;15:35:10;SA;1
3404;MSK;15:47:35;SA;1
3405;MSK;16:00:00;SA;1
3406;MSK;16:12:25;SA;1
3407;MSK;16:24:50;SA;1
3408;MSK;16:37:10;SA;1
3409;MSK;16:49:35;SA;1
3410;MSK;17:02:00;SA;1
3411;MSK;17:14:25;SA;1
3412;MSK;17:26:50;SA;1
3413;MSK;17:39:10;SA;1
3414;MSK;17:51:35;SA;1
3415;MSK;18:04:00;SA;1
3416;MSK;18:16:25;SA;1
3417;MSK;18:28:50;SA;1
3418;MSK;18:41:10;SA;1
3419;MSK;18:53:35;SA;1
3420;MSK;19:06:00;SA;1
3421;MSK;19:18:25;SA;1
3422;MSK;19:30:50;SA;1
3423;MSK;19:43:10;SA;1
3424;MSK;19:55:35;SA;1
3425;MSK;20:08:00;SA;1
3426;MSK;20:23:30;SA;1
3427;MSK;20:39:00;SA;1
3428;MSK;20:54:30;SA;1
3429;MSK;21:10:00;SA;1
3430;MSK;21:25:30;SA;1
3431;MSK;21:41:00;SA;1
3432;MSK;21:56:30;SA;1
3433;MSK;22:12:00;SA;1
3434;MSK;22:27:30;SA;1
3435;MSK;22:43:00;SA;1
3436;MSK;22:58:30;SA;1
3437;MSK;23:14:00;SA;1
3438;MSK;23:29:30;SA;1
3439;MSK;23:45:00;SA;1
3440;MSK;24:00:30;SA;1
3441;MSK;24:22:40;SA;1
3442;MSK;06:27:05;SRN;1
3443;MSK;06:43:05;SRN;1
3444;MSK;06:58:05;SRN;1
3445;MSK;07:13:05;SRN;1
3446;MSK;07:29:05;SRN;1
3447;MSK;07:45:05;SRN;1
3448;MSK;08:00:05;SRN;1
3449;MSK;08:15:05;SRN;1
3450;MSK;08:31:05;SRN;1
3451;MSK;08:47:05;SRN;1
3452;MSK;09:02:05;SRN;1
3453;MSK;09:17:05;SRN;1
3454;MSK;09:33:05;SRN;1
3455;MSK;09:49:05;SRN;1
3456;MSK;10:04:05;SRN;1
3457;MSK;10:16:30;SRN;1
3458;MSK;10:28:55;SRN;1
3459;MSK;10:41:20;SRN;1
3460;MSK;10:53:45;SRN;1
3461;MSK;11:06:10;SRN;1
3462;MSK;11:18:35;SRN;1
3463;MSK;11:31:00;SRN;1
3464;MSK;11:43:20;SRN;1
3465;MSK;11:55:45;SRN;1
3466;MSK;12:08:10;SRN;1
3467;MSK;12:20:35;SRN;1
3468;MSK;12:33:00;SRN;1
3469;MSK;12:45:20;SRN;1
3470;MSK;12:57:45;SRN;1
3471;MSK;13:10:10;SRN;1
3472;MSK;13:22:35;SRN;1
3473;MSK;13:35:00;SRN;1
3474;MSK;13:47:20;SRN;1
3475;MSK;13:59:45;SRN;1
3476;MSK;14:12:10;SRN;1
3477;MSK;14:24:35;SRN;1
3478;MSK;14:37:00;SRN;1
3479;MSK;14:49:20;SRN;1
3480;MSK;15:01:45;SRN;1
3481;MSK;15:14:10;SRN;1
3482;MSK;15:26:35;SRN;1
3483;MSK;15:39:00;SRN;1
3484;MSK;15:51:20;SRN;1
3485;MSK;16:03:45;SRN;1
3486;MSK;16:16:10;SRN;1
3487;MSK;16:28:35;SRN;1
3488;MSK;16:41:00;SRN;1
3489;MSK;16:53:20;SRN;1
3490;MSK;17:05:45;SRN;1
3491;MSK;17:18:10;SRN;1
3492;MSK;17:30:35;SRN;1
3493;MSK;17:43:00;SRN;1
3494;MSK;17:55:20;SRN;1
3495;MSK;18:07:45;SRN;1
3496;MSK;18:20:10;SRN;1
3497;MSK;18:32:35;SRN;1
3498;MSK;18:45:00;SRN;1
3499;MSK;18:57:20;SRN;1
3500;MSK;19:09:45;SRN;1
3501;MSK;19:22:10;SRN;1
3502;MSK;19:34:35;SRN;1
3503;MSK;19:47:00;SRN;1
3504;MSK;19:59:20;SRN;1
3505;MSK;20:11:45;SRN;1
3506;MSK;20:24:10;SRN;1
3507;MSK;20:39:40;SRN;1
3508;MSK;20:55:10;SRN;1
3509;MSK;21:10:40;SRN;1
3510;MSK;21:26:10;SRN;1
3511;MSK;21:41:40;SRN;1
3512;MSK;21:57:10;SRN;1
3513;MSK;22:12:40;SRN;1
3514;MSK;22:28:10;SRN;1
3515;MSK;22:43:40;SRN;1
3516;MSK;22:59:10;SRN;1
3517;MSK;23:14:40;SRN;1
3518;MSK;23:30:10;SRN;1
3519;MSK;23:45:40;SRN;1
3520;MSK;24:07:50;SRN;1
3521;SA;06:27:04;BM;0
3522;SA;06:33:16;BM;0
3523;SA;06:39:28;BM;0
3524;SA;06:45:40;BM;0
3525;SA;06:51:52;BM;0
3526;SA;06:58:04;BM;0
3527;SA;07:04:16;BM;0
3528;SA;07:10:28;BM;0
3529;SA;07:16:40;BM;0
3530;SA;07:22:52;BM;0
3531;SA;07:29:04;BM;0
3532;SA;07:35:16;BM;0
3533;SA;07:41:28;BM;0
3534;SA;07:47:40;BM;0
3535;SA;07:53:52;BM;0
3536;SA;08:00:04;BM;0
3537;SA;08:06:16;BM;0
3538;SA;08:12:28;BM;0
3539;SA;08:18:40;BM;0
3540;SA;08:24:52;BM;0
3541;SA;08:31:04;BM;0
3542;SA;08:37:16;BM;0
3543;SA;08:43:28;BM;0
3544;SA;08:49:40;BM;0
3545;SA;08:55:52;BM;0
3546;SA;09:02:04;BM;0
3547;SA;09:08:16;BM;0
3548;SA;09:14:28;BM;0
3549;SA;09:20:40;BM;0
3550;SA;09:31:00;BM;0
3551;SA;09:41:20;BM;0
3552;SA;09:51:40;BM;0
3553;SA;10:02:00;BM;0
3554;SA;10:12:20;BM;0
3555;SA;10:22:40;BM;0
3556;SA;10:33:00;BM;0
3557;SA;10:43:20;BM;0
3558;SA;10:53:40;BM;0
3559;SA;11:04:00;BM;0
3560;SA;11:14:20;BM;0
3561;SA;11:24:40;BM;0
3562;SA;11:35:00;BM;0
3563;SA;11:45:20;BM;0
3564;SA;11:55:40;BM;0
3565;SA;12:06:00;BM;0
3566;SA;12:16:20;BM;0
3567;SA;12:26:40;BM;0
3568;SA;12:37:00;BM;0
3569;SA;12:47:20;BM;0
3570;SA;12:57:40;BM;0
3571;SA;13:08:00;BM;0
3572;SA;13:18:20;BM;0
3573;SA;13:28:40;BM;0
3574;SA;13:39:00;BM;0
3575;SA;13:49:20;BM;0
3576;SA;13:59:40;BM;0
3577;SA;14:10:00;BM;0
3578;SA;14:20:20;BM;0
3579;SA;14:30:40;BM;0
3580;SA;14:41:00;BM;0
3581;SA;14:51:20;BM;0
3582;SA;15:01:40;BM;0
3583;SA;15:12:00;BM;0
3584;SA;15:22:20;BM;0
3585;SA;15:32:40;BM;0
3586;SA;15:43:00;BM;0
3587;SA;15:53:20;BM;0
3588;SA;16:03:40;BM;0
3589;SA;16:14:00;BM;0
3590;SA;16:24:20;BM;0
3591;SA;16:34:40;BM;0
3592;SA;16:45:00;BM;0
3593;SA;16:55:20;BM;0
3594;SA;17:05:40;BM;0
3595;SA;17:16:00;BM;0
3596;SA;17:26:20;BM;0
3597;SA;17:32:32;BM;0
3598;SA;17:38:44;BM;0
3599;SA;17:44:56;BM;0
3600;SA;17:51:08;BM;0
3601;SA;17:57:20;BM;0
3602;SA;18:03:32;BM;0
3603;SA;18:09:44;BM;0
3604;SA;18:15:56;BM;0
3605;SA;18:22:08;BM;0
3606;SA;18:28:20;BM;0
3607;SA;18:34:32;BM;0
3608;SA;18:40:44;BM;0
3609;SA;18:46:56;BM;0
3610;SA;18:53:08;BM;0
3611;SA;18:59:20;BM;0
3612;SA;19:05:32;BM;0
3613;SA;19:11:44;BM;0
3614;SA;19:17:56;BM;0
3615;SA;19:24:08;BM;0
3616;SA;19:30:20;BM;0
3617;SA;19:36:32;BM;0
3618;SA;19:42:44;BM;0
3619;SA;19:48:56;BM;0
3620;SA;19:55:08;BM;0
3621;SA;20:01:20;BM;0
3622;SA;20:07:32;BM;0
3623;SA;20:13:44;BM;0
3624;SA;20:19:56;BM;0
3625;SA;20:30:16;BM;0
3626;SA;20:40:36;BM;0
3627;SA;20:50:56;BM;0
3628;SA;21:01:16;BM;0
3629;SA;21:11:36;BM;0
3630;SA;21:21:56;BM;0
3631;SA;21:32:16;BM;0
3632;SA;21:42:36;BM;0
3633;SA;21:52:56;BM;0
3634;SA;22:03:16;BM;0
3635;SA;22:13:36;BM;0
3636;SA;22:23:56;BM;0
3637;SA;22:34:16;BM;0
3638;SA;22:44:36;BM;0
3639;SA;22:54:56;BM;0
3640;SA;23:05:16;BM;0
3641;SA;23:15:36;BM;0
3642;SA;23:25:56;BM;0
3643;SA;23:36:16;BM;0
3644;SA;23:46:36;BM;0
3645;SA;23:56:56;BM;0
3646;SA;24:07:16;BM;0
3647;SA;24:17:36;BM;0
3648;SA;24:27:56;BM;0
3649;SA;06:25:50;MSK;0
3650;SA;06:32:02;MSK;0
3651;SA;06:38:14;MSK;0
3652;SA;06:44:26;MSK;0
3653;SA;06:50:38;MSK;0
3654;SA;06:56:50;MSK;0
3655;SA;07:03:02;MSK;0
3656;SA;07:09:14;MSK;0
3657;SA;07:15:26;MSK;0
3658;SA;07:21:38;MSK;0
3659;SA;07:27:50;MSK;0
3660;SA;07:34:02;MSK;0
3661;SA;07:40:14;MSK;0
3662;SA;07:46:26;MSK;0
3663;SA;07:52:38;MSK;0
3664;SA;07:58:50;MSK;0
3665;SA;08:05:02;MSK;0
3666;SA;08:11:14;MSK;0
3667;SA;08:17:26;MSK;0
3668;SA;08:23:38;MSK;0
3669;SA;08:29:50;MSK;0
3670;SA;08:36:02;MSK;0
3671;SA;08:42:14;MSK;0
3672;SA;08:48:26;MSK;0
3673;SA;08:54:38;MSK;0
3674;SA;09:00:50;MSK;0
3675;SA;09:07:02;MSK;0
3676;SA;09:13:14;MSK;0
3677;SA;09:19:26;MSK;0
3678;SA;09:25:38;MSK;0
3679;SA;09:31:50;MSK;0
3680;SA;09:42:10;MSK;0
3681;SA;09:52:30;MSK;0
3682;SA;10:02:50;MSK;0
3683;SA;10:13:10;MSK;0
3684;SA;10:23:30;MSK;0
3685;SA;10:33:50;MSK;0
3686;SA;10:44:10;MSK;0
3687;SA;10:54:30;MSK;0
3688;SA;11:04:50;MSK;0
3689;SA;11:15:10;MSK;0
3690;SA;11:25:30;MSK;0
3691;SA;11:35:50;MSK;0
3692;SA;11:46:10;MSK;0
3693;SA;11:56:30;MSK;0
3694;SA;12:06:50;MSK;0
3695;SA;12:17:10;MSK;0
3696;SA;12:27:30;MSK;0
3697;SA;12:37:50;MSK;0
3698;SA;12:48:10;MSK;0
3699;SA;12:58:30;MSK;0
3700;SA;13:08:50;MSK;0
3701;SA;13:19:10;MSK;0
3702;SA;13:29:30;MSK;0
3703;SA;13:39:50;MSK;0
3704;SA;13:50:10;MSK;0
3705;SA;14:00:30;MSK;0
3706;SA;14:10:50;MSK;0
3707;SA;14:21:10;MSK;0
3708;SA;14:31:30;MSK;0
3709;SA;14:41:50;MSK;0
3710;SA;14:52:10;MSK;0
3711;SA;15:02:30;MSK;0
3712;SA;15:12:50;MSK;0
3713;SA;15:23:10;MSK;0
3714;SA;15:33:30;MSK;0
3715;SA;15:43:50;MSK;0
3716;SA;15:54:10;MSK;0
3717;SA;16:04:30;MSK;0
3718;SA;16:14:50;MSK;0
3719;SA;16:25:10;MSK;0
3720;SA;16:35:30;MSK;0
3721;SA;16:45:50;MSK;0
3722;SA;16:56:10;MSK;0
3723;SA;17:06:30;MSK;0
3724;SA;17:16:50;MSK;0
3725;SA;17:27:10;MSK;0
3726;SA;17:37:30;MSK;0
3727;SA;17:43:42;MSK;0
3728;SA;17:49:54;MSK;0
3729;SA;17:56:06;MSK;0
3730;SA;18:02:18;MSK;0
3731;SA;18:08:30;MSK;0
3732;SA;18:14:42;MSK;0
3733;SA;18:20:54;MSK;0
3734;SA;18:27:06;MSK;0
3735;SA;18:33:18;MSK;0
3736;SA;18:39:30;MSK;0
3737;SA;18:45:42;MSK;0
3738;SA;18:51:54;MSK;0
3739;SA;18:58:06;MSK;0
3740;SA;19:04:18;MSK;0
3741;SA;19:10:30;MSK;0
3742;SA;19:16:42;MSK;0
3743;SA;19:22:54;MSK;0
3744;SA;19:29:06;MSK;0
3745;SA;19:35:18;MSK;0
3746;SA;19:41:30;MSK;0
3747;SA;19:47:42;MSK;0
3748;SA;19:53:54;MSK;0
3749;SA;20:00:06;MSK;0
3750;SA;20:06:18;MSK;0
3751;SA;20:12:30;MSK;0
3752;SA;20:18:42;MSK;0
3753;SA;20:24:54;MSK;0
3754;SA;20:31:06;MSK;0
3755;SA;20:41:26;MSK;0
3756;SA;20:51:46;MSK;0
3757;SA;21:02:06;MSK;0
3758;SA;21:12:26;MSK;0
3759;SA;21:22:46;MSK;0
3760;SA;21:33:06;MSK;0
3761;SA;21:43:26;MSK;0
3762;SA;21:53:46;MSK;0
3763;SA;22:04:06;MSK;0
3764;SA;22:14:26;MSK;0
3765;SA;22:24:46;MSK;0
3766;SA;22:35:06;MSK;0
3767;SA;22:45:26;MSK;0
3768;SA;22:55:46;MSK;0
3769;SA;23:06:06;MSK;0
3770;SA;23:16:26;MSK;0
3771;SA;23:26:46;MSK;0
3772;SA;23:37:06;MSK;0
3773;SA;23:47:26;MSK;0
3774;SA;23:57:46;MSK;0
3775;SA;24:08:06;MSK;0
3777;SA;06:29:25;BM;1
3778;SA;06:44:25;BM;1
3779;SA;06:59:25;BM;1
3780;SA;07:15:25;BM;1
3781;SA;07:31:25;BM;1
3782;SA;07:46:25;BM;1
3783;SA;08:01:25;BM;1
3784;SA;08:17:25;BM;1
3785;SA;08:33:25;BM;1
3786;SA;08:48:25;BM;1
3787;SA;09:03:25;BM;1
3788;SA;09:19:25;BM;1
3789;SA;09:35:25;BM;1
3790;SA;09:50:25;BM;1
3791;SA;10:02:50;BM;1
3792;SA;10:15:15;BM;1
3793;SA;10:27:40;BM;1
3794;SA;10:40:05;BM;1
3795;SA;10:52:30;BM;1
3796;SA;11:04:55;BM;1
3797;SA;11:17:20;BM;1
3798;SA;11:29:40;BM;1
3799;SA;11:42:05;BM;1
3800;SA;11:54:30;BM;1
3801;SA;12:06:55;BM;1
3802;SA;12:19:20;BM;1
3803;SA;12:31:40;BM;1
3804;SA;12:44:05;BM;1
3805;SA;12:56:30;BM;1
3806;SA;13:08:55;BM;1
3807;SA;13:21:20;BM;1
3808;SA;13:33:40;BM;1
3809;SA;13:46:05;BM;1
3810;SA;13:58:30;BM;1
3811;SA;14:10:55;BM;1
3812;SA;14:23:20;BM;1
3813;SA;14:35:40;BM;1
3814;SA;14:48:05;BM;1
3815;SA;15:00:30;BM;1
3816;SA;15:12:55;BM;1
3817;SA;15:25:20;BM;1
3818;SA;15:37:40;BM;1
3819;SA;15:50:05;BM;1
3820;SA;16:02:30;BM;1
3821;SA;16:14:55;BM;1
3822;SA;16:27:20;BM;1
3823;SA;16:39:40;BM;1
3824;SA;16:52:05;BM;1
3825;SA;17:04:30;BM;1
3826;SA;17:16:55;BM;1
3827;SA;17:29:20;BM;1
3828;SA;17:41:40;BM;1
3829;SA;17:54:05;BM;1
3830;SA;18:06:30;BM;1
3831;SA;18:18:55;BM;1
3832;SA;18:31:20;BM;1
3833;SA;18:43:40;BM;1
3834;SA;18:56:05;BM;1
3835;SA;19:08:30;BM;1
3836;SA;19:20:55;BM;1
3837;SA;19:33:20;BM;1
3838;SA;19:45:40;BM;1
3839;SA;19:58:05;BM;1
3840;SA;20:10:30;BM;1
3841;SA;20:26:00;BM;1
3842;SA;20:41:30;BM;1
3843;SA;20:57:00;BM;1
3844;SA;21:12:30;BM;1
3845;SA;21:28:00;BM;1
3846;SA;21:43:30;BM;1
3847;SA;21:59:00;BM;1
3848;SA;22:14:30;BM;1
3849;SA;22:30:00;BM;1
3850;SA;22:45:30;BM;1
3851;SA;23:01:00;BM;1
3852;SA;23:16:30;BM;1
3853;SA;23:32:00;BM;1
3854;SA;23:47:30;BM;1
3855;SA;24:03:00;BM;1
3856;SA;24:25:10;BM;1
3857;SA;06:24:35;MSK;1
3858;SA;06:40:35;MSK;1
3859;SA;06:55:35;MSK;1
3860;SA;07:10:35;MSK;1
3861;SA;07:26:35;MSK;1
3862;SA;07:42:35;MSK;1
3863;SA;07:57:35;MSK;1
3864;SA;08:12:35;MSK;1
3865;SA;08:28:35;MSK;1
3866;SA;08:44:35;MSK;1
3867;SA;08:59:35;MSK;1
3868;SA;09:14:35;MSK;1
3869;SA;09:30:35;MSK;1
3870;SA;09:46:35;MSK;1
3871;SA;10:01:35;MSK;1
3872;SA;10:14:00;MSK;1
3873;SA;10:26:25;MSK;1
3874;SA;10:38:50;MSK;1
3875;SA;10:51:15;MSK;1
3876;SA;11:03:40;MSK;1
3877;SA;11:16:05;MSK;1
3878;SA;11:28:30;MSK;1
3879;SA;11:40:50;MSK;1
3880;SA;11:53:15;MSK;1
3881;SA;12:05:40;MSK;1
3882;SA;12:18:05;MSK;1
3883;SA;12:30:30;MSK;1
3884;SA;12:42:50;MSK;1
3885;SA;12:55:15;MSK;1
3886;SA;13:07:40;MSK;1
3887;SA;13:20:05;MSK;1
3888;SA;13:32:30;MSK;1
3889;SA;13:44:50;MSK;1
3890;SA;13:57:15;MSK;1
3891;SA;14:09:40;MSK;1
3892;SA;14:22:05;MSK;1
3893;SA;14:34:30;MSK;1
3894;SA;14:46:50;MSK;1
3895;SA;14:59:15;MSK;1
3896;SA;15:11:40;MSK;1
3897;SA;15:24:05;MSK;1
3898;SA;15:36:30;MSK;1
3899;SA;15:48:50;MSK;1
3900;SA;16:01:15;MSK;1
3901;SA;16:13:40;MSK;1
3902;SA;16:26:05;MSK;1
3903;SA;16:38:30;MSK;1
3904;SA;16:50:50;MSK;1
3905;SA;17:03:15;MSK;1
3906;SA;17:15:40;MSK;1
3907;SA;17:28:05;MSK;1
3908;SA;17:40:30;MSK;1
3909;SA;17:52:50;MSK;1
3910;SA;18:05:15;MSK;1
3911;SA;18:17:40;MSK;1
3912;SA;18:30:05;MSK;1
3913;SA;18:42:30;MSK;1
3914;SA;18:54:50;MSK;1
3915;SA;19:07:15;MSK;1
3916;SA;19:19:40;MSK;1
3917;SA;19:32:05;MSK;1
3918;SA;19:44:30;MSK;1
3919;SA;19:56:50;MSK;1
3920;SA;20:09:15;MSK;1
3921;SA;20:21:40;MSK;1
3922;SA;20:37:10;MSK;1
3923;SA;20:52:40;MSK;1
3924;SA;21:08:10;MSK;1
3925;SA;21:23:40;MSK;1
3926;SA;21:39:10;MSK;1
3927;SA;21:54:40;MSK;1
3928;SA;22:10:10;MSK;1
3929;SA;22:25:40;MSK;1
3930;SA;22:41:10;MSK;1
3931;SA;22:56:40;MSK;1
3932;SA;23:12:10;MSK;1
3933;SA;23:27:40;MSK;1
3934;SA;23:43:10;MSK;1
3935;SA;24:05:20;MSK;1
3936;BM;06:22:30;SA;0
3937;BM;06:28:42;SA;0
3938;BM;06:34:54;SA;0
3939;BM;06:41:06;SA;0
3940;BM;06:47:18;SA;0
3941;BM;06:53:30;SA;0
3942;BM;06:59:42;SA;0
3943;BM;07:05:54;SA;0
3944;BM;07:12:06;SA;0
3945;BM;07:18:18;SA;0
3946;BM;07:24:30;SA;0
3947;BM;07:30:42;SA;0
3948;BM;07:36:54;SA;0
3949;BM;07:43:06;SA;0
3950;BM;07:49:18;SA;0
3951;BM;07:55:30;SA;0
3952;BM;08:01:42;SA;0
3953;BM;08:07:54;SA;0
3954;BM;08:14:06;SA;0
3955;BM;08:20:18;SA;0
3956;BM;08:26:30;SA;0
3957;BM;08:32:42;SA;0
3958;BM;08:38:54;SA;0
3959;BM;08:45:06;SA;0
3960;BM;08:51:18;SA;0
3961;BM;08:57:30;SA;0
3962;BM;09:03:42;SA;0
3963;BM;09:09:54;SA;0
3964;BM;09:16:06;SA;0
3965;BM;09:22:18;SA;0
3966;BM;09:28:30;SA;0
3967;BM;09:38:50;SA;0
3968;BM;09:49:10;SA;0
3969;BM;09:59:30;SA;0
3970;BM;10:09:50;SA;0
3971;BM;10:20:10;SA;0
3972;BM;10:30:30;SA;0
3973;BM;10:40:50;SA;0
3974;BM;10:51:10;SA;0
3975;BM;11:01:30;SA;0
3976;BM;11:11:50;SA;0
3977;BM;11:22:10;SA;0
3978;BM;11:32:30;SA;0
3979;BM;11:42:50;SA;0
3980;BM;11:53:10;SA;0
3981;BM;12:03:30;SA;0
3982;BM;12:13:50;SA;0
3983;BM;12:24:10;SA;0
3984;BM;12:34:30;SA;0
3985;BM;12:44:50;SA;0
3986;BM;12:55:10;SA;0
3987;BM;13:05:30;SA;0
3988;BM;13:15:50;SA;0
3989;BM;13:26:10;SA;0
3990;BM;13:36:30;SA;0
3991;BM;13:46:50;SA;0
3992;BM;13:57:10;SA;0
3993;BM;14:07:30;SA;0
3994;BM;14:17:50;SA;0
3995;BM;14:28:10;SA;0
3996;BM;14:38:30;SA;0
3997;BM;14:48:50;SA;0
3998;BM;14:59:10;SA;0
3999;BM;15:09:30;SA;0
4000;BM;15:19:50;SA;0
4001;BM;15:30:10;SA;0
4002;BM;15:40:30;SA;0
4003;BM;15:50:50;SA;0
4004;BM;16:01:10;SA;0
4005;BM;16:11:30;SA;0
4006;BM;16:21:50;SA;0
4007;BM;16:32:10;SA;0
4008;BM;16:42:30;SA;0
4009;BM;16:52:50;SA;0
4010;BM;17:03:10;SA;0
4011;BM;17:13:30;SA;0
4012;BM;17:23:50;SA;0
4013;BM;17:34:10;SA;0
4014;BM;17:40:22;SA;0
4015;BM;17:46:34;SA;0
4016;BM;17:52:46;SA;0
4017;BM;17:58:58;SA;0
4018;BM;18:05:10;SA;0
4019;BM;18:11:22;SA;0
4020;BM;18:17:34;SA;0
4021;BM;18:23:46;SA;0
4022;BM;18:29:58;SA;0
4023;BM;18:36:10;SA;0
4024;BM;18:42:22;SA;0
4025;BM;18:48:34;SA;0
4026;BM;18:54:46;SA;0
4027;BM;19:00:58;SA;0
4028;BM;19:07:10;SA;0
4029;BM;19:13:22;SA;0
4030;BM;19:19:34;SA;0
4031;BM;19:25:46;SA;0
4032;BM;19:31:58;SA;0
4033;BM;19:38:10;SA;0
4034;BM;19:44:22;SA;0
4035;BM;19:50:34;SA;0
4036;BM;19:56:46;SA;0
4037;BM;20:02:58;SA;0
4038;BM;20:09:10;SA;0
4039;BM;20:15:22;SA;0
4040;BM;20:21:34;SA;0
4041;BM;20:27:46;SA;0
4042;BM;20:38:06;SA;0
4043;BM;20:48:26;SA;0
4044;BM;20:58:46;SA;0
4045;BM;21:09:06;SA;0
4046;BM;21:19:26;SA;0
4047;BM;21:29:46;SA;0
4048;BM;21:40:06;SA;0
4049;BM;21:50:26;SA;0
4050;BM;22:00:46;SA;0
4051;BM;22:11:06;SA;0
4052;BM;22:21:26;SA;0
4053;BM;22:31:46;SA;0
4054;BM;22:42:06;SA;0
4055;BM;22:52:26;SA;0
4056;BM;23:02:46;SA;0
4057;BM;23:13:06;SA;0
4058;BM;23:23:26;SA;0
4059;BM;23:33:46;SA;0
4060;BM;23:44:06;SA;0
4061;BM;23:54:26;SA;0
4062;BM;24:04:46;SA;0
4063;BM;06:21:15;SA;1
4064;BM;06:37:15;SA;1
4065;BM;06:52:15;SA;1
4066;BM;07:07:15;SA;1
4067;BM;07:23:15;SA;1
4068;BM;07:39:15;SA;1
4069;BM;07:54:15;SA;1
4070;BM;08:09:15;SA;1
4071;BM;08:25:15;SA;1
4072;BM;08:41:15;SA;1
4073;BM;08:56:15;SA;1
4074;BM;09:11:15;SA;1
4075;BM;09:27:15;SA;1
4076;BM;09:43:15;SA;1
4077;BM;09:58:15;SA;1
4078;BM;10:10:40;SA;1
4079;BM;10:23:05;SA;1
4080;BM;10:35:30;SA;1
4081;BM;10:47:55;SA;1
4082;BM;11:00:20;SA;1
4083;BM;11:12:45;SA;1
4084;BM;11:25:10;SA;1
4085;BM;11:37:30;SA;1
4086;BM;11:49:55;SA;1
4087;BM;12:02:20;SA;1
4088;BM;12:14:45;SA;1
4089;BM;12:27:10;SA;1
4090;BM;12:39:30;SA;1
4091;BM;12:51:55;SA;1
4092;BM;13:04:20;SA;1
4093;BM;13:16:45;SA;1
4094;BM;13:29:10;SA;1
4095;BM;13:41:30;SA;1
4096;BM;13:53:55;SA;1
4097;BM;14:06:20;SA;1
4098;BM;14:18:45;SA;1
4099;BM;14:31:10;SA;1
4100;BM;14:43:30;SA;1
4101;BM;14:55:55;SA;1
4102;BM;15:08:20;SA;1
4103;BM;15:20:45;SA;1
4104;BM;15:33:10;SA;1
4105;BM;15:45:30;SA;1
4106;BM;15:57:55;SA;1
4107;BM;16:10:20;SA;1
4108;BM;16:22:45;SA;1
4109;BM;16:35:10;SA;1
4110;BM;16:47:30;SA;1
4111;BM;16:59:55;SA;1
4112;BM;17:12:20;SA;1
4113;BM;17:24:45;SA;1
4114;BM;17:37:10;SA;1
4115;BM;17:49:30;SA;1
4116;BM;18:01:55;SA;1
4117;BM;18:14:20;SA;1
4118;BM;18:26:45;SA;1
4119;BM;18:39:10;SA;1
4120;BM;18:51:30;SA;1
4121;BM;19:03:55;SA;1
4122;BM;19:16:20;SA;1
4123;BM;19:28:45;SA;1
4124;BM;19:41:10;SA;1
4125;BM;19:53:30;SA;1
4126;BM;20:05:55;SA;1
4127;BM;20:18:20;SA;1
4128;BM;20:33:50;SA;1
4129;BM;20:49:20;SA;1
4130;BM;21:04:50;SA;1
4131;BM;21:20:20;SA;1
4132;BM;21:35:50;SA;1
4133;BM;21:51:20;SA;1
4134;BM;22:06:50;SA;1
4135;BM;22:22:20;SA;1
4136;BM;22:37:50;SA;1
4137;BM;22:53:20;SA;1
4138;BM;23:08:50;SA;1
4139;BM;23:24:20;SA;1
4140;BM;23:39:50;SA;1
4141;BM;24:02:00;SA;1
